145000,57.0,5,1994,1995,0.0,686,990,990,0,990,1,5,0,1996.0,2,672,0,0
132500,80.0,5,1963,1963,0.0,630,970,970,0,970,1,5,0,1996.0,2,624,0,24
183200,,6,2002,2003,0.0,457,783,807,702,1509,2,7,1,2002.0,2,393,100,75
115000,60.0,4,1955,1955,0.0,0,1005,1005,0,1005,1,5,1,1977.0,2,672,0,0
160000,84.0,6,1965,1965,101.0,643,1088,1324,0,1324,2,6,1,1965.0,2,440,0,138
160000,75.0,6,1940,1985,0.0,660,983,983,767,1750,2,7,0,1989.0,1,423,245,0
135750,,4,1956,1956,0.0,228,952,952,0,952,1,4,0,1956.0,1,283,0,0
140000,71.0,6,1963,1963,415.0,400,780,983,813,1796,1,8,1,1963.0,2,483,0,50
192000,59.0,6,1998,1998,0.0,828,943,943,695,1638,2,7,2,1998.0,2,472,100,38
155000,70.0,6,1966,1966,351.0,0,756,1051,788,1839,1,7,1,1966.0,2,442,0,124
158900,,6,1978,1978,328.0,438,672,672,714,1386,2,6,1,1978.0,2,440,335,0
367294,65.0,9,2008,2008,766.0,1540,1702,1702,0,1702,1,7,1,2008.0,3,1052,0,72
381000,,8,1935,1997,632.0,192,728,1968,1479,3447,3,11,2,1982.0,3,1014,314,12
116000,74.0,5,1953,1996,0.0,0,105,910,0,910,1,5,0,1953.0,2,414,196,0
295000,87.0,7,1880,2002,0.0,0,1470,1675,1818,3493,3,10,1,2003.0,3,870,302,0
175900,65.0,6,1992,1992,0.0,387,761,810,793,1603,2,7,0,1992.0,2,484,0,124
270000,85.0,8,2002,2003,236.0,1300,1616,1629,0,1629,2,9,1,2002.0,3,808,0,252
172500,53.0,7,2006,2007,72.0,0,1258,1258,0,1258,2,6,1,2007.0,3,648,144,16
582933,107.0,9,2008,2009,424.0,0,1734,1734,1088,2822,3,12,1,2009.0,3,1020,52,170
134500,66.0,5,1953,2006,0.0,643,1008,1008,0,1008,1,6,0,1953.0,1,240,0,18
79000,70.0,3,1931,2006,0.0,544,544,774,0,774,1,6,0,,0,0,0,0
133000,34.0,7,1998,1998,182.0,584,723,767,0,767,1,4,0,1998.0,1,367,120,40
165000,,6,1977,1977,0.0,767,1208,1208,0,1208,1,6,1,1977.0,2,546,198,42
160000,130.0,5,1940,1950,0.0,428,728,976,332,1308,1,7,2,1940.0,1,256,0,70
207000,59.0,7,2004,2004,146.0,720,1358,1358,0,1358,2,6,1,2004.0,2,484,192,30
555000,105.0,10,2008,2008,200.0,1767,3094,2402,0,2402,2,10,2,2008.0,3,672,0,72
239500,80.0,8,1995,1995,0.0,584,1128,1142,878,2020,2,8,1,1995.0,2,466,0,155
130000,50.0,5,1929,2001,0.0,234,926,926,0,1316,1,6,0,1974.0,2,484,0,0
164700,35.0,7,2006,2007,0.0,0,625,625,625,1250,2,5,0,2006.0,2,528,0,54
130000,92.0,5,1958,1958,120.0,300,1062,1352,0,1352,1,6,0,1958.0,1,288,168,0
250000,85.0,7,2005,2005,0.0,0,1026,1026,932,1958,2,9,1,2005.0,3,936,154,210
127000,60.0,5,1972,1972,0.0,390,864,864,0,864,1,5,0,1989.0,1,352,0,0
89500,21.0,6,1971,1971,604.0,358,483,483,504,987,1,5,0,1971.0,1,264,0,0
239000,44.0,7,1987,1987,0.0,495,1064,1064,703,1767,2,5,1,1987.0,2,504,441,35
213000,70.0,7,2004,2005,109.0,712,1473,1484,0,1484,2,7,0,2004.0,2,606,0,35
200000,,6,2002,2002,0.0,0,1010,1010,1257,2267,2,8,1,2002.0,2,390,120,46
263435,75.0,8,2009,2009,110.0,544,832,832,1103,1935,2,8,0,2009.0,2,552,0,150
163990,65.0,6,2005,2006,0.0,0,728,728,728,1456,2,8,1,2005.0,2,390,0,24
186000,83.0,6,2009,2009,0.0,36,1212,1212,0,1212,2,6,0,2009.0,2,460,100,22
128500,69.0,5,1969,1969,0.0,523,971,971,0,971,1,5,1,1969.0,1,300,0,0
377500,42.0,9,2006,2007,160.0,1320,1746,1746,0,1746,2,7,2,2006.0,3,758,201,39
122000,50.0,8,1872,1987,0.0,259,684,938,1215,2358,2,8,0,,0,0,0,54
207500,34.0,7,2007,2008,166.0,904,1314,1314,0,1314,2,6,1,2008.0,2,626,172,62
221500,86.0,7,2005,2006,240.0,20,1614,1614,0,1614,2,7,0,2005.0,3,865,144,59
158500,80.0,6,1950,2004,0.0,0,1092,1152,0,1152,1,6,1,1950.0,1,300,0,36
129000,60.0,5,1950,2002,0.0,398,864,864,0,864,1,5,0,1980.0,2,720,194,0
160000,80.0,6,1964,1964,425.0,553,1251,1251,0,1251,1,6,2,1964.0,1,461,0,116
185500,65.0,7,2004,2004,98.0,24,1414,1414,0,1414,2,6,0,2004.0,2,494,132,105
138800,,5,1969,1969,0.0,75,1096,1096,0,1096,1,6,0,1969.0,1,299,240,32
175000,60.0,5,1937,1950,252.0,569,731,981,787,1768,1,7,2,1939.0,1,240,0,0
325000,75.0,10,1893,2000,0.0,0,1237,1521,1254,2775,3,9,1,1988.0,2,880,105,502
149000,52.0,5,1928,1950,0.0,0,1042,1042,534,1576,1,8,1,1928.0,1,225,0,0
157000,90.0,5,1953,1953,56.0,841,1165,1336,0,1336,1,5,2,1953.0,1,375,0,0
183500,62.0,7,2004,2004,0.0,0,840,840,880,1720,2,7,1,2004.0,2,440,100,48
92000,21.0,5,1970,1970,0.0,553,630,630,0,630,1,3,0,,0,0,0,0
200000,91.0,5,1969,1969,368.0,500,1248,1338,1296,2634,2,12,0,1969.0,4,968,0,0
395000,110.0,8,2006,2006,375.0,0,1935,1973,0,1973,2,9,1,2006.0,3,895,315,45
139400,57.0,7,1930,1950,0.0,0,637,1108,0,1108,1,6,1,1930.0,1,280,0,0
201000,70.0,6,1994,1994,105.0,814,928,936,785,1721,2,7,0,1994.0,2,471,300,87
100000,60.0,5,1923,2006,0.0,0,968,968,0,968,1,5,0,1935.0,2,480,0,0
285000,93.0,8,2003,2004,340.0,0,1181,1234,1140,2374,2,10,1,2003.0,3,656,104,100
160000,60.0,5,1900,1970,0.0,664,954,1766,648,2414,2,10,1,1970.0,2,520,142,0
231500,65.0,6,1997,1997,0.0,821,928,928,836,1764,2,7,0,1997.0,2,470,276,99
253293,98.0,8,2008,2009,306.0,0,2042,2042,0,2042,2,8,1,2009.0,3,1390,0,90
167500,73.0,5,1960,1960,324.0,697,1268,1264,0,1264,1,6,2,1960.0,2,461,0,0
216500,,6,2002,2002,,625,860,860,1100,1960,2,8,2,2002.0,2,440,288,48
164000,53.0,7,1941,1950,0.0,364,918,918,728,1646,2,7,2,1941.0,1,240,0,0
185000,62.0,7,2004,2005,0.0,410,1221,1221,0,1221,2,6,0,2004.0,2,400,0,113
128000,50.0,4,1936,1950,0.0,672,672,757,567,1324,1,6,0,1936.0,1,240,0,0
377426,86.0,9,2005,2006,200.0,1249,1922,1922,0,1922,2,8,1,2005.0,3,676,178,51
109900,60.0,4,1950,1950,0.0,0,0,1040,0,1040,1,4,0,1950.0,2,420,0,29
125500,60.0,5,1938,1995,0.0,0,803,803,557,1360,1,6,0,1951.0,1,297,0,65
180500,60.0,6,1919,1950,0.0,0,764,1060,764,1824,1,8,1,1940.0,2,520,0,0
215000,141.0,6,1960,1960,112.0,639,1080,1656,0,1656,1,7,2,1960.0,2,528,210,62
128500,,5,1941,1950,0.0,360,720,854,0,1382,1,7,0,1991.0,2,660,237,0
286000,41.0,8,2001,2002,0.0,1153,1593,1593,0,1593,1,5,1,2001.0,2,682,0,120
289000,100.0,7,1959,1997,0.0,1247,1501,1801,0,1801,2,6,2,1959.0,2,484,0,54
145000,82.0,6,1946,1950,423.0,484,979,979,979,1958,2,8,0,1946.0,2,492,0,0
167000,85.0,7,1970,1970,0.0,778,1277,1277,0,1277,1,5,1,1970.0,2,526,0,0
176000,62.0,7,2005,2005,0.0,0,1257,1266,0,1266,2,6,1,2005.0,2,453,38,144
189950,55.0,7,1918,1998,0.0,0,912,912,514,1426,1,7,1,1925.0,1,216,0,240
106000,24.0,5,1970,1970,304.0,0,630,630,672,1302,2,6,0,1970.0,2,440,0,0
125000,70.0,5,1963,1963,336.0,1332,1728,1728,0,1728,2,10,0,1963.0,2,504,0,0
189000,63.0,7,2005,2005,0.0,648,728,728,728,1456,2,7,1,2005.0,2,410,36,18
139000,60.0,5,1951,1951,0.0,852,952,952,0,952,1,4,0,1988.0,2,840,0,0
68500,60.0,4,1927,1950,0.0,0,520,520,0,520,1,4,0,1920.0,1,240,49,0
189000,65.0,7,2001,2001,0.0,20,1454,1434,0,1434,2,6,1,2001.0,2,527,290,39
157000,,6,1960,1960,212.0,733,1253,1253,0,1253,1,5,1,1960.0,1,352,0,213
165500,80.0,6,1955,1996,0.0,831,992,1661,0,1661,1,8,1,1955.0,1,377,0,28
165000,,5,1954,1954,0.0,1064,1383,1383,0,1383,1,6,1,1954.0,1,354,511,116
118500,80.0,5,1947,1950,0.0,442,832,832,384,1216,1,6,0,1947.0,1,336,158,0
164000,32.0,6,1998,1998,116.0,897,1216,1216,0,1216,2,5,0,1998.0,2,402,0,125
350000,91.0,8,1995,1995,660.0,1696,2109,2113,0,2113,2,7,1,1995.0,3,839,236,46
124500,76.0,5,1982,1982,0.0,546,816,816,0,816,1,5,0,1982.0,1,264,168,0
139600,,3,1955,1955,0.0,0,0,1733,0,1733,2,8,1,1955.0,2,452,0,0
193000,50.0,6,1993,1994,0.0,165,1604,1617,0,1617,2,5,1,1993.0,2,533,0,69
91000,52.0,6,1930,1950,0.0,384,768,790,0,790,1,4,0,1925.0,1,160,0,141
115000,56.0,5,1927,1950,0.0,0,1008,1028,0,1028,1,5,1,1927.0,2,360,0,0
141000,,6,2004,2004,147.0,697,848,848,0,848,1,3,1,2004.0,2,420,149,0
228500,82.0,7,1989,1989,340.0,421,807,1175,807,1982,2,7,1,1989.0,2,575,0,84
190000,,6,1976,1976,120.0,712,796,790,784,1574,2,6,1,1976.0,2,566,306,111
372402,107.0,8,2007,2008,436.0,1400,1710,1710,0,1710,2,6,1,2007.0,3,866,0,102
175000,62.0,6,1999,2000,0.0,0,953,953,694,1647,2,7,1,1999.0,2,460,0,40
218000,90.0,5,1976,2004,0.0,1157,1437,1437,0,1437,2,6,1,1976.0,2,528,0,21
176485,73.0,7,2007,2007,0.0,0,1302,1302,0,1302,2,6,0,2007.0,2,436,0,22
229000,,7,1988,1988,178.0,1002,1204,1377,806,2183,2,9,0,1988.0,3,786,0,0
35311,50.0,2,1949,1950,0.0,50,480,480,0,480,0,4,0,1958.0,1,308,0,0
335000,100.0,7,1959,2002,0.0,1406,1902,1902,0,1902,2,7,2,1959.0,2,567,0,207
611657,100.0,9,2009,2010,760.0,2188,2330,2364,0,2364,2,11,2,2009.0,3,820,0,67
184000,47.0,6,1986,1986,132.0,1398,1606,1651,0,1651,2,7,1,1986.0,2,616,192,0
137450,51.0,6,1925,1990,0.0,264,976,1160,448,1608,2,7,1,1925.0,1,216,147,16
142600,74.0,5,1965,1965,108.0,231,1728,1728,0,1728,2,10,0,1987.0,2,576,0,0
130000,32.0,7,2004,2004,117.0,0,976,976,732,1708,2,7,0,2004.0,2,380,0,40
178000,78.0,6,1984,2003,74.0,0,585,1140,728,1868,3,7,1,1984.0,2,477,268,112
105000,60.0,3,1915,1950,0.0,0,672,694,520,1214,1,6,0,1998.0,3,936,216,0
127000,50.0,5,1948,2001,0.0,336,672,1072,213,1285,1,6,0,1948.0,1,240,0,0
132500,70.0,5,1959,1959,0.0,1148,1148,1148,0,1148,1,6,0,1959.0,1,672,0,0
143000,,6,1963,1963,451.0,569,1328,1328,0,1328,1,6,2,1963.0,2,528,0,26
135000,71.0,5,1977,1977,153.0,560,980,980,0,980,1,6,0,1986.0,2,484,192,0
96500,55.0,5,1926,1950,0.0,0,768,789,0,789,1,5,0,1926.0,1,200,0,0
110000,68.0,4,1954,1954,0.0,552,894,894,0,894,1,5,0,1999.0,2,400,0,0
148800,,7,2004,2004,0.0,239,551,551,551,1102,2,4,0,2004.0,2,480,0,60
197900,80.0,7,1998,1998,0.0,0,866,866,913,1779,2,6,0,1998.0,2,546,198,36
184900,67.0,7,2003,2003,,833,1176,1200,0,1200,2,5,0,2003.0,2,555,0,41
161500,,6,1967,1967,0.0,251,1372,1342,0,1342,2,7,1,1967.0,2,457,0,0
244600,74.0,8,2008,2009,72.0,0,1468,1468,0,1468,2,6,1,2008.0,3,898,210,150
189000,51.0,5,1921,1998,0.0,0,612,990,1611,2601,3,8,0,1998.0,2,621,183,0
315000,85.0,9,2006,2006,584.0,1260,1838,1838,0,1838,2,8,1,2006.0,3,765,270,68
108000,67.0,4,1949,2003,0.0,0,0,1126,0,1126,2,5,0,2002.0,2,520,0,96
290000,92.0,8,1994,1994,391.0,740,1165,1203,1323,2526,2,8,1,1994.0,3,844,309,78
165000,100.0,6,1964,1978,272.0,442,816,1127,850,1977,1,9,1,1964.0,2,540,0,52
100000,60.0,5,1924,1950,0.0,405,1145,1301,0,1301,1,5,0,1965.0,2,440,0,0
103600,54.0,6,1925,1950,0.0,551,672,697,672,1369,2,6,0,1930.0,1,300,147,0
193000,62.0,6,2004,2004,0.0,759,839,864,729,1593,2,8,1,2004.0,2,398,100,75
153900,55.0,6,1993,1993,0.0,300,1199,1199,0,1199,2,5,0,1993.0,2,530,0,63
228000,59.0,7,1993,1993,0.0,50,1080,1080,1017,2097,2,9,1,1993.0,3,678,196,187
118000,50.0,5,1939,1950,0.0,851,991,1077,0,1077,1,5,2,1939.0,1,205,0,4
136500,72.0,4,1968,1968,0.0,0,1768,1768,0,1768,2,8,0,,0,0,0,0
369900,88.0,8,2005,2006,208.0,1460,1868,2028,0,2028,2,7,2,2005.0,3,880,326,66
212000,,8,1985,1985,0.0,368,1488,1502,0,1502,1,4,0,1985.0,2,528,0,54
162900,52.0,5,1930,1992,0.0,0,1078,1128,445,1573,2,8,1,1930.0,2,360,0,0
112000,70.0,4,1910,2000,0.0,0,560,796,550,1346,1,6,0,1950.0,1,384,168,24
67000,60.0,5,1920,1950,0.0,0,961,1077,0,1077,1,6,0,1920.0,1,338,0,0
170000,115.0,5,1959,1959,0.0,967,1350,1328,0,1328,1,5,2,1959.0,1,308,0,104
186500,65.0,7,2005,2006,0.0,0,756,756,797,1553,2,6,0,2005.0,2,615,0,45
144000,,5,1958,1983,0.0,457,1024,1344,0,1344,1,6,1,1970.0,1,484,316,28
228500,,8,2002,2002,149.0,0,1284,1284,885,2169,2,7,1,2002.0,2,647,192,87
177000,124.0,6,1959,2006,84.0,719,1019,1357,0,1357,1,5,1,1959.0,1,312,0,0
110000,,4,1971,1971,0.0,322,858,858,0,858,1,4,0,1979.0,1,684,0,0
99900,56.0,5,1922,1950,0.0,0,864,864,0,864,1,4,0,,0,0,0,96
109500,60.0,5,1962,1962,0.0,0,894,894,0,894,1,5,0,1962.0,1,308,0,0
271000,,8,2002,2002,148.0,1218,1568,1689,0,1689,2,7,2,2002.0,3,857,150,59
153500,90.0,5,1948,1973,0.0,338,1559,1559,0,1559,1,5,0,1948.0,2,812,0,116
359100,78.0,8,1934,1998,0.0,428,965,1940,1254,3194,2,10,2,1934.0,2,380,0,0
124000,57.0,6,1950,1950,0.0,0,932,932,0,932,1,4,1,1950.0,1,306,0,0
192500,43.0,7,2005,2006,16.0,16,1373,1555,0,1555,2,7,1,2005.0,2,430,143,20
179900,90.0,6,1968,1968,420.0,404,708,708,708,1416,2,7,1,1968.0,2,776,0,169
224900,48.0,7,1998,1998,442.0,0,1649,1661,0,1661,2,6,0,1998.0,2,598,0,34
168500,82.0,6,1964,1964,259.0,624,1248,1350,0,1350,1,6,0,1964.0,2,520,176,0
104900,,4,1920,2007,0.0,0,715,1281,457,1738,2,7,1,1920.0,1,368,55,0
269500,92.0,8,2009,2010,84.0,0,774,774,1194,1968,2,8,1,2009.0,3,680,0,75
311872,79.0,7,2007,2007,205.0,1126,1726,1726,0,1726,2,8,1,2007.0,3,786,171,138
145250,80.0,6,1960,1960,175.0,565,1383,1383,0,1383,1,7,0,1960.0,1,292,0,45
303477,75.0,8,2007,2007,0.0,64,1184,1184,1426,2610,2,11,1,2007.0,2,550,208,364
176000,120.0,6,1962,1962,399.0,672,1362,1382,0,1382,1,6,1,1991.0,2,884,0,0
236500,,8,2001,2001,0.0,0,1753,1788,0,1788,2,7,1,2001.0,2,522,202,151
305000,85.0,8,2003,2003,226.0,871,1482,1482,780,2262,2,10,2,2003.0,3,749,168,0
290000,85.0,8,2006,2006,420.0,1220,1660,1660,0,1660,2,8,1,2006.0,2,500,322,50
85000,36.0,5,1976,1976,0.0,129,536,536,576,1112,1,4,0,1976.0,1,336,182,0
145000,100.0,5,1955,1955,0.0,1056,1056,1056,0,1056,1,5,0,1955.0,2,572,264,0
156000,61.0,6,1969,2005,0.0,439,1026,1026,0,1026,1,5,0,1969.0,2,440,171,48
98000,34.0,5,1916,1950,0.0,0,624,624,720,1344,1,7,0,1916.0,3,513,0,0
190000,137.0,6,1966,2002,0.0,247,1517,1888,0,1888,2,6,1,1966.0,2,578,0,0
170000,102.0,5,1955,1974,0.0,306,1763,1779,0,1779,1,6,1,1955.0,2,454,0,418
55000,40.0,4,1922,1950,0.0,0,796,796,0,796,1,5,0,,0,0,0,0
178000,74.0,8,2004,2004,0.0,0,707,707,707,1414,2,6,1,2004.0,2,403,100,35
230000,79.0,7,2001,2001,0.0,666,944,944,896,1840,2,6,0,2001.0,2,622,0,45
78000,60.0,5,1920,1950,0.0,0,596,596,596,1192,1,6,0,1920.0,1,189,0,0
175500,78.0,6,1981,1981,210.0,588,1422,1422,0,1422,2,7,1,1981.0,2,576,276,0
119000,60.0,5,1950,1950,0.0,534,876,988,0,988,1,6,0,1950.0,1,276,0,80
87000,50.0,5,1941,1950,0.0,116,720,803,0,803,1,5,0,1941.0,2,360,0,0
164990,65.0,7,2005,2005,0.0,24,1310,1310,0,1310,2,6,1,2005.0,2,400,0,0
202500,91.0,7,1984,1998,0.0,213,1208,1621,0,1621,2,8,0,1984.0,2,440,108,45
223500,68.0,7,2001,2002,162.0,486,920,920,866,1786,2,6,1,2001.0,2,608,0,42
145000,70.0,5,1957,1957,0.0,922,1314,1314,0,1314,1,5,0,1957.0,1,294,250,0
101800,70.0,4,1962,1962,0.0,0,0,1224,0,1224,2,6,0,1962.0,2,462,0,0
392000,60.0,8,2007,2007,0.0,945,1419,1419,0,1419,2,7,1,2007.0,2,567,140,0
173000,,6,1996,1997,0.0,1003,1291,1291,0,1291,1,6,1,1996.0,2,431,307,0
119000,60.0,5,1940,1992,294.0,510,788,804,0,804,1,4,2,1940.0,1,240,0,0
118000,21.0,6,1972,1972,281.0,317,672,672,546,1218,1,7,0,1972.0,1,264,0,28
276000,69.0,8,2007,2007,270.0,0,1482,1482,1092,2574,2,10,1,2007.0,3,868,0,148
109008,77.0,4,1957,1957,0.0,288,907,907,0,907,1,5,0,1964.0,1,352,0,0
152000,81.0,6,1984,1985,0.0,338,1040,1097,0,1097,2,6,0,1986.0,2,480,0,0
148500,24.0,6,1978,1978,0.0,311,855,855,586,1441,2,7,1,1978.0,2,440,28,0
138887,96.0,5,1914,1950,0.0,0,747,892,892,1784,1,9,0,1914.0,1,180,203,40
154300,80.0,5,1960,1960,361.0,443,1105,1105,1169,2274,2,12,0,1960.0,2,480,0,0
145000,52.0,7,1928,1950,0.0,0,861,877,600,1477,2,6,1,1928.0,1,216,0,50
127500,52.0,6,1931,1950,0.0,425,884,959,408,1367,1,6,1,1978.0,1,560,0,0
171000,82.0,7,1988,1989,70.0,0,1907,1959,0,1959,3,9,0,1989.0,3,766,0,0
116050,71.0,4,1970,1970,0.0,0,864,864,0,864,1,5,0,1972.0,1,280,0,0
274725,168.0,7,2006,2006,0.0,0,868,887,1134,2021,2,9,1,2006.0,2,422,0,100
95000,60.0,5,1941,1950,0.0,236,616,616,495,1111,1,5,0,1941.0,1,200,48,0
170000,102.0,7,1968,1992,143.0,0,570,1222,698,1920,3,8,1,1968.0,2,487,0,98
127000,66.0,5,1966,1966,0.0,763,955,955,0,955,1,6,0,1966.0,1,386,0,0
320000,134.0,7,2005,2006,456.0,57,1392,1392,1070,2462,2,9,1,2006.0,2,576,239,132
100000,67.0,4,1938,1958,0.0,690,816,816,0,816,1,3,1,1958.0,1,288,0,0
152000,75.0,5,1950,1950,0.0,420,910,910,648,1558,1,6,0,1950.0,1,282,289,0
178740,,7,2004,2004,18.0,0,1375,1414,0,1414,2,6,1,2004.0,2,398,144,20
214000,,7,1999,1999,298.0,772,992,1022,1038,2060,2,8,1,1999.0,2,390,0,0
127500,73.0,6,1956,1956,0.0,0,1436,1689,0,1689,1,7,1,1956.0,2,480,0,0
168500,,6,2000,2000,513.0,420,756,756,756,1512,2,4,1,2000.0,2,440,0,32
265000,79.0,7,1996,1997,921.0,0,1264,1277,1067,2344,2,7,1,1996.0,3,889,220,0
144000,75.0,5,1995,2006,0.0,0,1099,1099,0,1099,1,6,0,1999.0,1,352,278,0
135000,60.0,6,1906,1995,0.0,0,756,756,713,1469,1,7,0,1906.0,1,216,57,0
294000,,7,1974,2003,0.0,125,1192,1516,651,2167,2,9,2,1974.0,2,518,220,47
194000,,5,1978,1978,0.0,680,1360,1432,0,1432,1,5,1,1978.0,2,588,168,180
94500,21.0,6,1972,1972,297.0,0,483,483,504,987,1,5,1,1972.0,1,288,0,0
125000,60.0,5,1925,1994,0.0,0,702,842,630,1472,1,6,0,1925.0,1,250,0,0
745000,160.0,10,1996,1996,0.0,2096,2396,2411,2065,4476,3,10,2,1996.0,3,813,171,78
97500,78.0,6,1948,1950,0.0,0,912,912,546,1458,1,6,1,1948.0,1,330,192,0
170000,76.0,7,2000,2000,0.0,0,384,774,656,1430,2,8,1,2000.0,2,400,100,0
260000,,7,1979,1979,0.0,1258,1332,1332,192,1524,0,4,1,1979.0,2,586,268,0
163000,60.0,7,1914,1970,0.0,390,880,880,888,1768,1,6,2,1914.0,2,320,0,341
392500,64.0,8,2008,2008,186.0,1480,1600,1652,0,1652,2,5,1,2008.0,2,482,162,53
89471,50.0,4,1937,2000,435.0,168,907,1131,0,1131,1,7,0,1995.0,2,672,0,72
224000,,6,1954,2006,72.0,728,1296,1640,0,1640,1,7,1,1993.0,2,924,108,0
196000,59.0,7,2004,2004,0.0,16,1391,1391,0,1391,2,5,0,2004.0,2,530,156,158
275500,80.0,8,2005,2005,178.0,0,1030,1038,1060,2098,2,8,1,2005.0,3,878,192,52
55000,70.0,4,1930,1950,0.0,0,0,372,720,1092,2,7,0,,0,0,0,0
122500,24.0,5,1971,1971,376.0,471,765,765,600,1365,1,6,0,1971.0,2,440,240,36
214000,78.0,7,1999,1999,183.0,1162,1588,1588,0,1588,2,6,0,1999.0,2,472,158,29
139000,53.0,5,1910,2003,0.0,0,661,661,589,1250,2,8,1,1985.0,2,552,242,0
135000,60.0,5,1916,1987,0.0,0,660,808,704,1656,2,8,0,1916.0,1,180,0,0
93000,50.0,5,1954,1954,0.0,0,811,811,576,1387,2,7,0,1954.0,1,256,0,0
147400,24.0,7,2005,2005,0.0,0,600,520,623,1223,2,4,0,2005.0,2,480,0,166
60000,68.0,5,1958,1958,0.0,0,1276,1276,0,1276,1,5,0,1958.0,1,350,0,0
109000,68.0,5,1953,2007,0.0,731,1057,1057,0,1057,1,5,0,1953.0,1,246,0,52
163900,,7,1992,1992,170.0,0,384,812,670,1482,2,7,1,1992.0,2,392,100,25
145000,,5,1940,1982,0.0,399,883,988,517,1505,1,8,0,1940.0,1,240,0,0
207500,,7,1984,1984,0.0,828,1190,1190,900,2090,2,6,1,1984.0,2,577,219,0
190000,92.0,7,1977,1977,0.0,0,808,1161,808,1969,2,8,1,1977.0,2,534,0,0
171500,75.0,6,1977,1977,0.0,641,1196,1279,0,1279,2,6,2,1980.0,2,473,238,83
117500,90.0,6,1880,1950,0.0,0,1008,1178,1032,2210,2,8,0,1930.0,1,205,0,48
176000,60.0,4,2005,2005,0.0,1024,1132,1132,0,1132,1,5,0,2005.0,2,451,252,64
79500,50.0,5,1930,1960,0.0,0,742,779,0,935,1,4,0,1988.0,1,308,0,0
192500,65.0,7,2002,2002,144.0,0,936,936,840,1776,2,7,1,2002.0,2,474,144,96
174000,149.0,6,2005,2005,0.0,0,742,742,742,1484,2,8,1,2005.0,2,390,36,24
350000,74.0,9,2004,2005,216.0,1170,1462,1462,762,2224,2,10,1,2004.0,3,738,184,0
83000,85.0,5,1920,1950,0.0,108,458,835,0,835,1,5,0,1920.0,1,366,0,0
62383,60.0,5,1965,1965,0.0,553,864,864,0,864,1,5,1,1965.0,1,360,0,0
135000,72.0,5,1956,1956,120.0,586,1048,1048,0,1048,1,6,0,1956.0,1,286,0,20
97000,21.0,4,1970,2008,0.0,0,546,798,546,1344,1,6,1,,0,0,0,0
130000,55.0,5,1911,1950,0.0,0,940,1024,940,1964,1,7,0,,0,0,0,192
280000,78.0,8,1998,1998,530.0,956,1086,1086,838,1924,2,7,1,1998.0,2,592,208,75
155000,66.0,6,2003,2004,0.0,814,1114,1114,0,1114,1,6,0,2004.0,2,576,0,78
112000,,5,1918,2007,0.0,0,816,1416,0,1416,2,7,0,2007.0,2,576,0,0
336000,98.0,8,1998,1999,975.0,854,1225,1276,1336,2612,2,8,1,1998.0,3,676,250,0
196500,89.0,7,2004,2004,0.0,0,860,860,860,1720,2,7,0,2004.0,2,565,0,70
83000,21.0,6,1973,1973,408.0,309,483,483,504,987,1,5,0,1973.0,1,264,72,0
154500,70.0,6,1963,2003,0.0,663,1059,1068,0,1068,1,6,0,1963.0,1,264,192,0
301000,86.0,7,1986,1987,172.0,28,1502,1553,1177,2730,2,8,1,1987.0,2,576,201,96
193879,64.0,7,2006,2006,0.0,0,1286,1294,0,1294,2,6,1,2006.0,2,662,168,55
178900,65.0,6,2005,2007,0.0,0,783,783,701,1484,2,8,1,2005.0,2,393,0,72
180000,,6,1985,1985,85.0,1258,1298,1298,0,1298,2,5,1,1985.0,2,403,165,26
149900,65.0,5,1977,1977,220.0,595,985,985,0,985,2,6,0,1977.0,1,328,210,0
126000,60.0,5,1940,1950,0.0,312,756,756,378,1134,1,7,0,1940.0,1,240,0,0
213500,79.0,7,2006,2006,0.0,0,939,939,858,1797,2,8,0,2006.0,2,639,144,53
117000,50.0,5,1925,1997,0.0,0,884,884,464,1348,1,5,1,1960.0,1,216,0,0
179200,50.0,6,1992,1992,0.0,430,1575,1575,0,1575,2,5,0,1992.0,2,529,0,0
105000,60.0,6,1939,1950,0.0,204,560,698,560,1258,1,6,0,1939.0,1,280,0,0
241500,73.0,7,1954,2005,0.0,226,1385,1363,0,1363,1,5,2,1954.0,2,439,81,0
185850,43.0,7,2005,2005,240.0,659,1364,1364,0,1364,2,6,1,2005.0,2,484,192,36
179200,,6,1991,1991,88.0,1200,1278,1294,0,1294,2,6,0,1991.0,2,496,112,51
128000,35.0,6,1914,2001,0.0,0,742,742,742,1484,2,9,1,,0,0,0,291
190000,,6,1971,1971,252.0,416,825,1097,896,1993,2,8,1,1971.0,2,495,0,66
129900,44.0,5,1976,1976,0.0,840,1040,1060,0,1060,1,6,1,1976.0,2,572,100,110
144900,85.0,5,1954,2003,104.0,320,1086,1086,0,1086,1,6,0,1989.0,2,490,0,0
310000,85.0,10,2008,2008,160.0,765,1017,1026,981,2007,2,10,1,2008.0,3,812,168,52
116900,,7,1926,1950,0.0,0,572,572,539,1111,1,5,1,1982.0,1,288,0,0
128900,80.0,5,1956,1956,0.0,504,1050,1050,0,1050,1,5,0,1956.0,1,338,0,0
120000,60.0,5,1920,1950,0.0,821,1120,1130,0,1130,1,5,1,1970.0,2,720,229,0
345000,75.0,8,1972,1995,0.0,1410,1952,2000,704,2704,2,9,3,1972.0,2,538,269,111
109000,60.0,5,1940,1950,0.0,0,735,735,299,1034,1,5,0,1940.0,1,240,0,39
318000,93.0,8,2007,2007,254.0,0,1694,1694,0,1694,2,7,0,2007.0,3,818,168,228
145000,,4,1965,2001,0.0,648,648,960,0,960,0,3,0,1965.0,1,364,88,0
58500,45.0,3,1914,1950,0.0,203,864,864,0,864,1,5,0,1938.0,1,200,0,0
205000,85.0,7,1965,1990,176.0,454,768,1186,800,1986,2,7,3,1965.0,2,486,0,42
281000,86.0,8,2006,2006,788.0,0,1085,1120,850,1970,2,8,1,2006.0,3,753,177,74
113000,52.0,6,1945,1950,0.0,94,735,798,689,1487,1,7,1,1949.0,1,220,0,140
239686,48.0,7,2003,2003,0.0,1351,1434,1518,631,2149,1,6,1,2003.0,2,670,168,43
219210,58.0,7,2006,2006,0.0,0,879,879,984,1863,2,9,1,2006.0,3,660,100,17
224900,65.0,7,2003,2003,252.0,550,884,884,884,1768,2,8,0,2003.0,2,543,0,63
290000,82.0,7,1995,1995,290.0,565,1203,1214,1306,2520,2,9,1,1995.0,3,721,224,114
179000,60.0,6,2000,2000,16.0,0,982,1007,793,1800,2,7,1,2000.0,2,463,100,63
152000,80.0,7,1976,1976,189.0,0,1090,1370,0,1370,2,6,1,1976.0,2,479,0,0
200000,70.0,6,2003,2003,120.0,340,1682,1700,0,1700,2,7,0,2003.0,2,544,192,23
144500,,6,2004,2004,169.0,662,848,848,0,848,1,4,1,2004.0,2,420,140,0
325000,98.0,8,1994,1995,362.0,1032,1463,1500,1122,2622,2,9,2,1994.0,2,712,186,32
129000,70.0,6,1966,1966,0.0,187,814,913,0,913,1,6,0,1990.0,1,240,0,0
184750,130.0,10,2007,2008,762.0,2260,3138,3138,1538,4676,3,11,1,2007.0,3,884,208,406
250580,72.0,7,2007,2008,0.0,0,1372,1372,0,1372,2,6,0,2008.0,2,529,0,140
179540,65.0,7,2007,2007,0.0,0,728,728,728,1456,2,8,1,2007.0,2,400,100,24
250000,86.0,7,1936,1987,0.0,223,1017,1020,1037,2057,1,6,1,1936.0,1,180,0,0
153337,64.0,5,1979,1979,275.0,1086,1086,1224,0,1224,0,6,2,1979.0,2,528,120,0
201800,,7,1965,1988,288.0,454,864,902,918,1820,1,8,2,1965.0,2,492,60,84
191000,79.0,6,1922,1994,0.0,0,588,1423,748,2555,2,11,1,1993.0,2,672,431,0
160000,313.0,10,2008,2008,796.0,5644,6110,4692,950,5642,2,12,3,2008.0,2,1418,214,292
113000,21.0,6,1973,1973,285.0,356,672,672,546,1218,1,7,0,1973.0,1,264,144,28
147000,73.0,6,1992,1992,0.0,747,936,996,0,996,1,5,0,1992.0,2,564,120,0
132000,50.0,6,1948,2002,0.0,680,972,972,0,972,1,5,1,1948.0,1,240,0,0
98600,85.0,5,1961,1961,203.0,600,1235,1235,0,1235,1,6,0,1961.0,2,480,0,0
86000,60.0,5,1920,1950,0.0,0,691,691,0,691,1,4,0,1920.0,1,216,0,20
135500,59.0,5,1955,1955,0.0,0,816,872,521,1393,1,8,0,1955.0,1,300,121,0
370878,85.0,9,2009,2009,162.0,1121,1766,1766,0,1766,2,7,1,2009.0,3,478,195,130
164500,40.0,6,2009,2009,76.0,0,612,612,612,1224,2,4,0,2009.0,2,528,0,234
76500,55.0,3,1940,1966,0.0,0,728,1306,0,1306,1,6,0,,0,0,263,0
284000,85.0,7,2003,2004,292.0,866,998,1006,1040,2046,2,8,1,2003.0,3,871,320,62
109900,40.0,4,1916,1990,0.0,197,1196,1196,0,1196,1,5,0,1957.0,2,440,0,0
64500,60.0,4,1927,2007,0.0,0,656,968,0,968,2,5,0,1928.0,1,216,0,0
239000,122.0,9,2007,2007,0.0,0,1800,1800,0,1800,2,7,0,2007.0,2,702,288,136
171900,35.0,7,2006,2007,0.0,0,625,625,625,1250,2,5,0,2006.0,2,625,0,54
80000,21.0,4,1970,1970,0.0,509,630,630,0,630,1,3,0,1970.0,1,286,0,0
117000,59.0,6,1910,2003,0.0,0,485,1001,634,1635,1,5,0,1950.0,1,255,394,0
136000,60.0,6,1916,1950,0.0,168,714,1664,862,2526,2,10,1,1916.0,1,216,88,15
112000,,4,1956,1956,0.0,0,672,960,0,960,1,5,0,1956.0,1,288,64,0
475000,90.0,10,1892,1993,0.0,0,1107,1518,1518,3608,2,12,2,1993.0,3,840,0,260
214000,70.0,7,2004,2004,168.0,2,1517,1535,0,1535,2,7,0,2004.0,2,532,0,0
385000,114.0,10,2007,2008,816.0,1636,2078,2084,0,2084,2,7,1,2007.0,3,1220,188,45
325000,108.0,9,2006,2007,300.0,1572,1652,1652,0,1652,2,6,2,2006.0,2,840,404,102
195000,,6,1976,1976,298.0,156,848,1118,912,2030,2,8,1,1976.0,2,551,0,224
192000,43.0,8,2004,2005,16.0,24,1256,1269,0,1269,2,6,1,2004.0,2,430,146,20
197500,,5,1976,1976,44.0,381,780,1088,780,1868,2,9,1,1976.0,2,484,448,96
275000,,8,1985,1985,0.0,1148,1742,1742,0,1742,2,5,1,1985.0,2,564,114,28
129000,60.0,4,1970,1970,160.0,789,960,960,0,960,1,6,0,1970.0,2,576,0,288
110500,40.0,5,1945,1997,0.0,329,686,866,0,866,1,4,0,,0,0,58,42
315000,129.0,9,2004,2005,66.0,1447,1980,1980,0,1980,2,8,1,2004.0,3,770,194,45
124000,71.0,5,1963,1963,0.0,25,1144,1144,0,1144,1,6,0,1962.0,1,336,0,88
203000,68.0,7,2005,2007,80.0,925,1274,1274,0,1274,2,6,0,2005.0,2,508,264,98
125000,24.0,5,1970,1970,312.0,765,765,765,600,1365,1,7,0,1970.0,2,440,0,36
195000,68.0,7,2002,2002,95.0,0,831,831,829,1660,2,7,0,2002.0,2,493,144,68
232000,48.0,8,2003,2003,171.0,370,1657,1668,0,1668,2,8,1,2003.0,2,502,0,262
192000,70.0,7,2002,2002,100.0,0,1459,1459,0,1459,2,6,1,2002.0,2,527,192,39
200000,79.0,6,1997,1997,0.0,462,616,616,1072,1688,2,8,0,1997.0,2,603,403,114
179900,85.0,8,2007,2007,0.0,0,1234,1234,0,1234,2,7,0,2007.0,2,484,0,30
118500,61.0,4,1961,1961,192.0,903,1029,1029,0,1029,1,5,0,1961.0,1,261,64,0
174500,75.0,7,1941,1950,0.0,275,704,860,704,1564,1,7,1,1941.0,1,234,0,0
213000,75.0,7,2000,2001,171.0,0,1630,1630,0,1630,2,6,1,2000.0,2,451,74,234
239000,86.0,6,1918,1950,0.0,1128,1370,1370,1254,2624,2,10,1,1918.0,3,864,0,0
158000,,6,1972,1972,333.0,0,689,1378,741,2119,2,7,1,1972.0,2,583,0,104
239799,73.0,7,2006,2006,0.0,464,1391,1391,571,1962,2,7,0,2006.0,3,868,0,90
137900,89.0,5,1951,1951,44.0,756,2136,2136,0,2136,2,7,0,1951.0,2,528,0,30
114500,52.0,6,1934,1950,0.0,0,816,816,0,1176,1,6,1,1985.0,2,528,112,0
120000,70.0,5,1958,1985,0.0,111,912,912,0,912,1,5,0,1958.0,1,297,12,285
225000,76.0,8,2007,2007,140.0,0,1496,1496,0,1496,2,7,0,2007.0,2,474,168,130
129000,85.0,4,1961,1961,0.0,932,1040,1120,0,1120,1,5,0,1961.0,2,544,168,0
98300,60.0,5,1950,1950,0.0,0,0,1048,0,1048,1,7,0,1950.0,2,420,0,27
158000,63.0,6,2004,2004,0.0,941,1158,1158,0,1158,1,5,0,2006.0,2,576,0,50
264561,53.0,8,2006,2006,0.0,1154,1520,1567,0,1567,2,7,1,2006.0,3,648,312,0
163000,60.0,6,1905,2000,0.0,0,482,1221,691,1912,2,7,1,2003.0,2,672,0,25
216000,,7,2000,2000,0.0,533,814,814,860,1674,2,7,0,2000.0,2,663,0,96
143000,,6,2004,2004,169.0,662,848,848,0,848,1,3,0,2004.0,2,420,160,0
195400,64.0,7,2007,2007,108.0,664,1208,1208,0,1208,2,6,0,2007.0,2,628,105,54
139000,80.0,5,1963,1963,0.0,651,1121,1121,0,1121,1,5,0,1963.0,2,480,0,80
106500,,5,1959,1959,0.0,0,0,882,0,882,1,5,0,1959.0,1,294,0,0
127000,50.0,5,1924,1950,0.0,218,1026,1026,665,1691,2,6,1,1924.0,1,308,0,0
188000,,6,1995,1996,0.0,219,773,773,885,1658,2,8,1,1995.0,2,431,224,84
167000,75.0,5,1964,1999,0.0,637,1486,1486,0,1486,1,7,0,1968.0,2,480,0,0
112000,50.0,6,1924,1950,0.0,617,617,865,445,1310,2,6,0,1924.0,1,398,0,0
386250,103.0,10,2003,2003,922.0,56,2392,2392,0,2392,2,8,1,2003.0,3,968,248,105
437154,56.0,9,2005,2006,870.0,1410,1848,1848,880,2728,2,10,2,2006.0,3,706,0,0
118964,64.0,5,1979,1979,0.0,0,0,1535,0,1535,2,8,0,1979.0,2,410,0,0
140000,60.0,6,1940,2000,0.0,388,940,1192,403,1595,1,6,2,1940.0,1,240,0,0
125500,60.0,4,1910,1950,0.0,0,622,741,622,1363,1,6,0,1966.0,2,528,0,0
215200,72.0,7,2009,2009,0.0,24,756,764,783,1547,2,7,0,2009.0,2,614,169,45
194000,74.0,7,2006,2006,0.0,0,1240,1240,0,1240,2,5,0,2006.0,3,826,140,93
161000,60.0,7,1928,2005,0.0,141,689,689,689,1378,2,7,1,1928.0,2,360,0,0
755000,104.0,10,1994,1995,1170.0,1455,2444,2444,1872,4316,3,10,2,1994.0,3,832,382,50
138500,70.0,5,1968,1968,168.0,1016,1052,1052,0,1052,1,5,0,1968.0,1,288,356,0
170000,,8,1986,1986,0.0,0,1074,1088,0,1088,1,5,0,1987.0,2,461,0,74
144000,98.0,5,1920,1950,0.0,645,915,1167,0,1167,1,6,1,1972.0,2,495,0,0
181000,48.0,6,1979,1998,0.0,0,1362,1586,0,1586,2,7,1,1979.0,2,435,192,0
106000,21.0,6,1970,1970,127.0,321,483,483,504,987,1,5,0,1987.0,1,280,0,0
100000,65.0,5,1967,1967,60.0,432,892,892,0,892,1,5,0,1967.0,1,288,0,0
118000,75.0,5,1954,1954,0.0,812,936,1128,0,1128,1,5,0,1954.0,1,286,0,0
262500,,7,1968,2003,0.0,297,1568,2156,0,2156,2,9,1,1968.0,2,508,0,80
310000,,8,1993,1993,0.0,1012,1338,1352,1168,2520,2,10,1,1993.0,3,796,209,55
98000,67.0,5,1925,1950,0.0,468,864,864,0,864,1,5,0,,0,0,0,0
165000,55.0,6,1923,1996,0.0,0,602,900,602,1502,1,7,2,1923.0,1,180,96,0
220000,,8,2001,2002,136.0,1005,1267,1296,0,1296,2,6,0,2001.0,2,471,192,25
158000,80.0,6,1969,1969,143.0,371,663,663,689,1352,1,7,0,1969.0,1,299,379,36
115000,,6,1926,2004,0.0,468,818,818,406,1224,1,5,0,1926.0,1,210,0,0
143250,,6,1971,1971,0.0,282,981,981,0,981,1,5,0,1979.0,2,576,0,312
135000,60.0,4,1949,1950,0.0,0,720,720,472,1192,1,6,0,,0,0,0,0
280000,109.0,7,2006,2006,350.0,0,1063,1071,1101,2172,2,9,1,2006.0,3,947,192,62
133000,51.0,4,1935,1995,0.0,0,884,989,584,1573,1,6,0,1935.0,1,240,0,0
82500,85.0,7,1977,1977,209.0,822,1386,1411,0,1411,2,6,1,1977.0,2,544,192,0
287000,,8,1976,1976,0.0,1165,1565,2898,0,2898,2,10,1,1976.0,2,665,0,72
123000,79.0,5,1953,1953,0.0,428,608,1319,0,1319,1,5,0,1953.0,1,270,66,0
174000,122.0,6,2005,2005,0.0,0,684,684,876,1560,2,6,1,2005.0,2,400,100,38
153500,78.0,5,1975,1975,0.0,788,1056,1074,0,1074,1,6,0,1975.0,2,495,0,88
269790,92.0,7,1996,1997,0.0,862,1117,1127,886,2013,2,8,1,1997.0,2,455,180,130
237000,44.0,7,2003,2003,223.0,483,941,941,888,1829,2,7,1,2003.0,2,613,192,39
135000,65.0,5,1961,1994,0.0,465,912,1236,0,1236,1,6,1,1961.0,1,288,0,0
212000,43.0,7,1996,1996,0.0,385,799,827,834,1661,2,6,1,1996.0,2,550,158,61
141000,69.0,5,1957,1957,0.0,895,1092,1092,0,1092,1,6,1,1957.0,1,299,268,0
106250,60.0,4,1900,2000,0.0,0,0,694,600,1294,2,7,0,,0,0,220,114
315000,70.0,8,1932,1994,0.0,297,853,1549,1178,2727,2,10,2,1932.0,2,440,0,74
142000,80.0,6,1959,1959,243.0,0,1252,1252,0,1252,1,7,0,1960.0,2,528,0,39
127500,70.0,6,1959,1959,0.0,612,864,864,0,864,1,5,0,2008.0,1,300,0,0
139400,80.0,5,1954,2005,0.0,480,1056,1056,0,1056,1,6,0,1954.0,1,260,390,0
130000,24.0,6,2004,2006,50.0,0,970,970,739,1709,2,7,0,2004.0,2,380,0,40
169000,57.0,6,1997,1997,0.0,0,916,916,684,1600,2,7,1,1997.0,2,460,100,38
224500,83.0,7,2009,2009,0.0,0,846,846,846,1692,2,6,0,2009.0,2,650,208,114
301500,91.0,8,1994,1994,554.0,1314,1986,1987,0,1987,2,7,1,1994.0,2,691,262,36
181000,,6,1999,1999,0.0,0,841,892,783,1675,2,7,1,1999.0,2,502,0,103
212900,84.0,7,2005,2006,196.0,24,1552,1552,0,1552,2,7,0,2005.0,3,782,144,20
239900,72.0,8,2005,2005,0.0,0,893,901,900,1801,2,8,1,2005.0,3,800,0,116
125000,72.0,6,1976,1976,255.0,631,1041,1125,0,1125,1,6,1,1977.0,1,352,296,0
146000,34.0,7,2007,2007,0.0,0,689,703,689,1392,2,5,0,2007.0,2,540,0,102
187500,,6,1966,2007,157.0,568,832,976,1111,2087,2,9,0,1966.0,2,444,133,168
135000,,4,1956,1956,0.0,1059,1134,1229,0,1229,1,6,0,1956.0,1,284,0,0
187100,67.0,7,2001,2002,0.0,0,1413,1430,0,1430,2,6,0,2001.0,2,605,0,33
143000,50.0,6,1980,1980,0.0,543,923,923,0,923,2,5,1,1980.0,1,264,80,0
135000,,5,1955,1955,151.0,902,1098,1098,0,1098,1,6,0,1955.0,1,260,0,0
135900,55.0,5,1912,2000,0.0,210,780,936,780,1716,2,9,0,,0,0,0,184
293077,71.0,8,2007,2008,338.0,1513,1638,1646,0,1646,2,7,1,2008.0,3,800,192,44
210000,70.0,6,1923,1950,0.0,300,1065,915,720,1635,1,6,1,1950.0,2,440,0,38
280000,62.0,7,1975,1975,0.0,655,1533,1533,0,1533,2,5,2,1975.0,2,576,200,54
164500,96.0,5,1966,1966,97.0,328,1164,1320,0,1320,1,6,2,1966.0,2,564,160,68
191000,43.0,7,2005,2006,14.0,16,1346,1504,0,1504,2,7,1,2005.0,2,437,156,20
438780,66.0,10,2006,2006,1031.0,0,1410,1426,1519,2945,3,10,1,2006.0,3,641,192,0
134900,,5,1982,1982,0.0,685,858,858,0,858,1,5,0,1983.0,2,576,120,0
255000,90.0,8,2002,2002,210.0,932,1065,1091,898,1989,2,7,1,2002.0,2,586,199,60
333168,108.0,9,1999,1999,165.0,0,1393,1422,1177,2599,2,10,1,1999.0,3,779,668,30
138500,65.0,5,1965,2009,0.0,553,894,894,0,894,1,5,1,1973.0,1,336,416,144
224000,44.0,7,2009,2010,128.0,733,1358,1358,0,1358,2,6,1,2010.0,2,484,192,35
290000,92.0,8,1999,2007,348.0,524,1152,1164,1106,2270,2,9,1,1999.0,3,671,132,57
240000,50.0,7,2006,2006,27.0,0,1670,1670,0,1670,2,7,1,2006.0,3,690,144,60
139000,94.0,6,1971,1971,0.0,0,912,912,912,1824,2,8,0,,0,0,128,0
139000,80.0,6,1958,1988,183.0,620,1240,1632,0,1632,2,6,1,1958.0,1,338,289,0
227000,85.0,8,2006,2006,410.0,0,1588,1588,0,1588,2,7,1,2006.0,3,825,144,45
88000,,4,1971,1971,0.0,614,858,858,0,858,1,5,0,,0,0,0,0
161500,,4,1957,1989,0.0,0,1104,1104,684,1788,1,8,2,1957.0,1,304,120,0
120000,60.0,5,1957,2006,98.0,0,0,1340,0,1340,1,7,1,1957.0,1,252,116,0
165400,60.0,7,2003,2004,92.0,0,746,760,896,1656,2,7,1,2003.0,2,397,178,128
173500,64.0,6,2005,2005,0.0,193,738,738,738,1476,2,7,0,2005.0,2,540,100,35
52500,153.0,4,1941,1950,0.0,0,693,693,0,693,1,4,0,,0,0,0,20
246578,53.0,7,2006,2006,45.0,1070,1356,1500,0,1500,2,6,1,2006.0,3,648,161,20
82500,50.0,4,1940,1950,0.0,280,420,708,0,708,1,5,0,,0,0,164,0
88000,21.0,6,1971,1971,381.0,0,525,525,567,1092,1,6,0,1971.0,1,264,0,0
202500,48.0,7,2005,2006,94.0,0,1368,1368,0,1368,2,6,1,2005.0,2,474,132,35
242000,96.0,7,1967,2007,300.0,0,710,1898,1080,2978,2,11,1,1961.0,2,564,240,0
147500,75.0,5,1965,1965,0.0,830,1256,1256,0,1256,1,6,0,1965.0,1,276,736,68
165600,,6,1993,1994,112.0,518,697,697,804,1501,2,6,1,1993.0,2,420,190,63
211000,,6,1998,1998,0.0,706,794,882,914,1796,2,7,0,1998.0,2,546,0,36
115000,,5,1936,1950,0.0,0,896,896,448,1344,1,7,0,1936.0,1,240,200,114
213000,75.0,7,1993,1993,137.0,513,740,1006,769,1775,2,7,1,1993.0,2,425,234,72
142125,68.0,5,1950,1996,0.0,49,1078,1078,0,1078,1,5,0,1950.0,1,240,366,0
207500,79.0,6,1980,1980,157.0,625,1686,1686,0,1686,2,7,1,1980.0,2,612,384,131
240000,43.0,7,2004,2005,108.0,0,1710,1710,0,1710,2,7,1,2004.0,2,550,100,48
129900,73.0,5,1957,1957,0.0,708,816,816,0,816,1,5,0,1957.0,1,308,0,0
317000,76.0,8,2004,2005,344.0,0,1143,1143,1330,2473,2,9,1,2004.0,3,852,192,151
238000,103.0,7,1991,1991,0.0,48,1104,912,1215,2127,2,8,1,1991.0,3,833,72,192
176500,63.0,7,1998,1998,0.0,0,935,955,677,1632,2,8,1,1998.0,2,462,0,28
253000,75.0,7,2005,2005,0.0,341,1113,1113,858,1971,2,8,1,2005.0,2,689,0,48
167240,43.0,7,2005,2006,16.0,16,1248,1248,0,1248,2,5,0,2005.0,2,438,108,0
130000,62.0,5,1968,1968,0.0,510,864,874,0,874,1,5,0,1968.0,1,288,33,0
243000,84.0,6,1950,2001,0.0,477,1202,2158,0,2158,2,7,1,1950.0,2,576,0,29
133500,36.0,5,1972,1972,0.0,460,864,864,0,864,1,5,1,1972.0,1,338,0,0
138000,60.0,5,1950,1982,0.0,180,1208,1136,768,1904,1,7,0,1950.0,1,240,0,0
149500,128.0,6,1953,1953,90.0,1024,1505,1505,0,1505,1,6,1,1953.0,2,505,0,0
175000,85.0,6,1988,1989,219.0,783,1461,1509,0,1509,2,5,1,1988.0,2,600,224,0
126500,80.0,5,1960,1960,66.0,0,1065,1065,0,1065,1,6,0,1974.0,2,461,74,0
250000,,7,1990,1991,0.0,1216,1216,1298,1216,2514,2,8,0,1990.0,2,693,0,0
302000,,8,1990,1990,336.0,482,1453,1453,1357,2810,2,9,1,1990.0,2,750,500,0
145000,112.0,5,1994,1995,0.0,0,1097,1097,0,1097,1,6,0,1995.0,2,672,392,64
134800,60.0,5,1951,2000,0.0,234,900,900,0,900,1,5,0,2005.0,2,576,222,32
383970,77.0,7,2007,2007,220.0,984,1264,1282,1414,2696,2,10,1,2007.0,3,792,120,184
155000,80.0,6,1971,1971,80.0,504,1010,1052,0,1052,1,6,0,1971.0,2,440,0,0
118500,60.0,4,1912,1950,0.0,0,795,954,795,2230,1,10,0,1997.0,1,440,0,188
278000,80.0,8,1981,1981,0.0,1104,2524,2524,0,2524,2,9,1,1981.0,2,542,474,120
113000,58.0,5,1922,1950,0.0,0,993,1048,0,1048,1,5,1,1922.0,1,280,0,0
114504,60.0,6,1910,1993,0.0,0,684,684,684,1368,1,7,0,1930.0,1,216,0,158
176000,54.0,6,1987,1987,72.0,980,1112,1137,0,1137,2,5,1,1987.0,2,551,125,0
84500,21.0,4,1970,1970,0.0,131,630,630,0,630,1,3,0,,0,0,0,0
142000,65.0,6,1961,1996,0.0,832,912,912,0,912,1,5,0,1962.0,1,288,168,0
144500,68.0,5,1957,2002,145.0,383,1216,1526,0,1526,1,7,1,1957.0,1,364,116,78
159500,75.0,6,1977,1977,140.0,535,690,698,728,1426,1,6,0,1977.0,2,440,252,0
222000,,7,2009,2009,432.0,578,1470,1478,0,1478,2,7,1,2009.0,2,484,0,144
227000,70.0,8,2001,2001,0.0,643,810,810,855,1665,2,6,0,2001.0,2,528,0,45
91300,50.0,5,1938,1996,0.0,0,190,886,0,886,1,4,0,1938.0,1,273,144,20
149900,134.0,5,1959,1959,132.0,176,1466,1466,0,1466,1,6,2,1959.0,2,528,0,140
179900,85.0,6,1975,1975,0.0,550,713,811,741,1552,2,6,1,1975.0,2,434,209,208
320000,90.0,7,1990,1990,0.0,1470,1673,1699,1523,3222,3,11,2,1990.0,3,594,367,0
197000,80.0,7,1979,1979,96.0,315,539,1040,685,1725,2,6,1,1979.0,2,550,0,88
213500,41.0,8,2001,2001,0.0,616,1338,1338,0,1338,2,6,0,2001.0,2,582,0,0
186500,93.0,6,2000,2000,318.0,0,936,962,830,1792,2,8,1,2000.0,2,451,0,0
146500,79.0,5,1942,1995,224.0,386,728,888,756,1644,1,7,2,1942.0,1,312,168,0
239000,89.0,8,2007,2007,80.0,0,1571,1571,0,1571,2,7,1,2007.0,3,722,100,36
148000,57.0,5,1996,1996,0.0,298,870,914,0,914,1,5,0,1998.0,2,576,0,0
235000,,7,1977,1994,34.0,795,795,1468,795,2263,2,9,1,1977.0,2,539,0,250
207500,47.0,5,1957,1997,0.0,1277,1484,1600,0,1600,1,6,2,1957.0,1,319,288,258
315000,80.0,8,1998,1998,473.0,986,1470,1470,1160,2630,2,8,1,1998.0,3,696,0,66
230000,66.0,7,1999,1999,302.0,0,975,1005,1286,2291,2,8,1,1999.0,2,429,192,0
143500,,5,1977,1989,0.0,196,1268,1268,0,1268,1,5,0,1978.0,1,252,173,0
209500,34.0,8,2006,2006,108.0,24,1554,1554,0,1554,2,6,1,2006.0,2,627,156,73
217000,79.0,6,1997,1997,0.0,1200,1479,1494,0,1494,2,6,0,1997.0,2,576,168,27
190000,107.0,7,1992,1992,0.0,674,750,1061,862,1923,2,8,1,1992.0,2,564,240,39
175000,70.0,5,1963,1999,0.0,444,520,1464,0,1464,2,6,1,1997.0,2,480,302,0
115000,70.0,4,1971,1971,0.0,432,864,864,0,864,1,5,1,,0,0,0,0
215000,46.0,7,1986,1991,123.0,0,791,1236,857,2093,2,7,1,1986.0,2,542,364,63
140000,85.0,5,1958,1987,0.0,0,533,1021,580,1601,1,6,0,1958.0,1,300,280,34
137500,80.0,6,1963,1963,156.0,763,936,1054,0,1054,1,6,0,1963.0,2,480,120,0
202665,40.0,7,2005,2006,94.0,0,1368,1368,0,1368,2,6,1,2005.0,2,474,132,35
144152,30.0,7,2005,2005,0.0,0,600,520,600,1200,2,4,0,2005.0,2,480,0,166
170000,85.0,7,1974,1974,81.0,885,1053,1173,0,1173,2,6,2,1974.0,2,528,0,120
123000,68.0,5,1967,1967,0.0,769,864,900,0,900,1,6,1,1967.0,1,288,175,144
146800,,6,1976,1976,0.0,539,1029,1062,0,1062,1,5,2,1976.0,2,539,120,0
245000,78.0,8,2007,2007,468.0,33,1563,1563,0,1563,2,6,1,2007.0,3,758,144,99
119900,60.0,5,1965,1965,0.0,641,828,965,0,965,1,6,0,1979.0,1,300,421,0
118500,81.0,6,1990,1990,104.0,816,816,816,0,816,1,5,0,,0,0,0,32
143000,50.0,7,1920,1988,0.0,624,650,832,650,1482,1,7,0,1930.0,2,324,0,0
244000,,6,2000,2000,40.0,695,992,1022,1032,2054,2,7,1,2000.0,2,390,24,48
113000,33.0,4,1920,2008,0.0,0,736,736,716,1452,2,8,0,,0,0,0,0
140000,53.0,6,1977,1977,0.0,559,1069,1069,0,1069,2,4,0,1977.0,2,440,0,55
180000,104.0,6,1976,1976,160.0,644,1193,1523,0,1523,2,7,1,1976.0,2,478,0,0
214000,86.0,6,2007,2007,74.0,0,894,894,1039,1933,2,9,1,2007.0,3,668,100,18
130500,,6,1976,2005,289.0,533,725,725,754,1479,2,6,0,1976.0,2,475,0,44
140000,80.0,6,1965,1965,0.0,892,1136,1136,0,1136,1,5,1,1965.0,1,384,426,0
232600,81.0,8,2006,2006,0.0,0,1489,1489,0,1489,2,7,1,2006.0,2,776,0,140
137500,90.0,4,1972,1972,0.0,920,1138,1181,0,1181,2,6,0,1974.0,2,588,0,0
538000,47.0,8,2003,2003,603.0,1416,1650,1690,1589,3279,3,12,1,2003.0,3,841,503,36
143750,,6,1976,1976,0.0,958,958,958,0,958,2,5,0,1976.0,2,440,0,60
190000,63.0,7,2004,2004,210.0,20,1500,1500,0,1500,2,6,0,2004.0,2,570,192,36
180000,,7,2000,2000,0.0,250,384,774,656,1430,2,7,1,2000.0,2,400,180,0
270000,75.0,8,2006,2006,0.0,0,1088,1088,871,1959,2,8,1,2006.0,3,1025,208,46
93000,77.0,5,1954,1954,0.0,0,0,1124,0,1124,1,5,1,,0,0,0,36
119000,80.0,6,1950,1950,0.0,280,1032,1032,220,1252,1,6,0,1950.0,1,288,0,0
186700,50.0,5,1963,1963,226.0,1159,1572,1572,0,1572,1,5,2,1963.0,3,995,0,263
255500,87.0,8,2006,2006,250.0,0,1709,1717,0,1717,2,7,1,2006.0,3,908,169,39
125000,70.0,5,1967,1967,0.0,842,912,912,0,912,1,5,1,1974.0,1,336,0,0
131500,36.0,6,2003,2003,170.0,659,848,848,0,848,1,3,0,2003.0,2,420,140,0
423000,49.0,8,2005,2006,0.0,1721,2077,2097,0,2097,1,8,1,2005.0,3,1134,192,267
136500,,5,1961,1961,0.0,915,1050,1050,0,1050,1,6,0,1961.0,1,368,0,319
465000,107.0,10,2006,2006,,1386,2076,2076,0,2076,2,7,1,2006.0,3,850,216,229
118000,92.0,4,1955,1955,270.0,133,1440,1440,0,1440,2,8,0,,0,0,0,0
103000,52.0,4,1925,1950,0.0,152,780,848,0,1208,1,5,0,1962.0,2,539,0,23
239000,66.0,7,1997,1998,1600.0,649,975,975,975,1950,2,7,1,1997.0,2,576,0,10
233000,76.0,7,2004,2004,0.0,656,956,956,1128,2084,2,8,0,2004.0,2,618,0,45
107900,50.0,4,1954,2000,0.0,0,901,901,0,901,1,4,0,1954.0,1,281,0,0
133900,60.0,6,1910,1998,0.0,1046,1214,1260,1031,2291,2,9,1,1900.0,2,506,0,0
177000,,6,1997,1997,0.0,182,794,794,676,1470,2,6,0,1997.0,2,388,0,75
181134,73.0,7,2007,2007,0.0,24,1340,1340,0,1340,2,6,0,2007.0,2,396,100,30
187000,80.0,6,1976,1994,360.0,0,528,1094,761,1855,2,7,1,1976.0,2,512,113,100
219500,65.0,7,2003,2004,0.0,0,847,847,1081,1928,2,8,1,2003.0,2,434,100,48
105900,60.0,6,1928,2003,0.0,0,624,720,0,720,1,5,0,2005.0,2,484,106,0
134000,55.0,5,1968,1968,0.0,250,952,1211,0,1211,1,5,1,1968.0,1,322,0,63
159500,60.0,7,1890,1998,0.0,0,718,1576,978,2554,1,8,0,1996.0,2,704,0,48
181000,100.0,6,1997,1998,0.0,0,926,926,678,1604,2,7,1,1997.0,2,470,0,36
40000,50.0,4,1920,1950,0.0,0,649,649,668,1317,1,6,0,1920.0,1,250,0,54
195000,41.0,7,2004,2005,0.0,0,847,847,1101,1948,2,8,1,2004.0,2,434,100,48
150000,42.0,4,1977,1977,0.0,1440,1440,1440,0,1440,2,8,0,,0,0,321,0
119500,21.0,5,1972,1972,268.0,231,630,630,672,1302,2,6,0,1972.0,1,264,185,0
187500,,7,1980,1980,225.0,1036,1372,1472,0,1472,2,6,2,1980.0,2,588,233,48
313000,,9,2000,2000,204.0,904,1440,1476,677,2153,2,8,2,2000.0,3,736,253,142
181000,43.0,7,2005,2006,16.0,16,1346,1504,0,1504,2,7,1,2005.0,2,457,156,0
160000,,5,1948,1950,0.0,353,747,1687,0,1687,1,7,2,1966.0,2,572,0,0
208300,75.0,6,2009,2009,0.0,27,1218,1218,0,1218,2,4,0,2009.0,2,676,0,102
110500,50.0,6,1925,1980,0.0,397,1103,1103,0,1103,1,5,1,1976.0,2,440,166,120
205950,65.0,7,2007,2007,,0,813,822,843,1665,2,7,0,2007.0,2,562,0,0
99500,55.0,6,1979,1979,0.0,0,918,918,0,918,2,5,1,1979.0,1,264,28,0
80000,,5,1959,1959,0.0,288,1006,1006,0,1006,1,5,0,,0,0,0,24
228950,,5,1965,1965,0.0,1249,1499,1619,167,1786,2,7,2,1965.0,2,529,670,0
181900,,6,1960,1987,85.0,594,1144,1429,0,1429,1,7,2,1960.0,2,572,216,110
82500,,4,1940,1950,0.0,262,861,861,0,861,1,4,0,1961.0,2,539,158,0
213250,78.0,7,1998,1999,0.0,144,1650,1680,0,1680,2,7,1,1998.0,2,583,78,73
250000,98.0,8,2006,2006,248.0,0,1626,1634,0,1634,2,7,1,2006.0,3,866,0,44
148000,73.0,6,1959,1959,220.0,0,1194,1194,0,1194,1,6,0,1959.0,1,312,0,0
178000,60.0,7,1925,1990,0.0,16,728,832,809,1641,1,6,1,1925.0,2,546,0,0
245500,38.0,8,1996,1996,0.0,786,1260,1288,0,1288,1,4,2,1996.0,2,500,120,30
150500,61.0,5,1977,2008,0.0,532,1040,1040,0,1040,2,5,0,1977.0,2,484,0,0
134450,72.0,5,1957,1996,64.0,360,1070,1236,0,1236,1,6,1,1957.0,1,447,0,0
278000,40.0,8,2000,2000,0.0,1158,1501,1659,0,1659,2,5,1,2000.0,2,499,212,59
115000,66.0,5,1964,1964,0.0,312,912,912,0,912,1,5,0,1964.0,1,288,0,0
108000,60.0,4,1940,1950,0.0,0,755,755,755,1510,1,7,1,1940.0,1,296,120,0
189000,60.0,7,1999,1999,0.0,0,994,1028,776,1804,2,7,1,1999.0,2,442,140,60
348000,82.0,8,1997,1998,423.0,1074,1396,1407,985,2392,2,7,1,1997.0,3,870,0,70
211000,97.0,6,1988,1989,268.0,831,1151,1164,896,2060,2,8,1,1988.0,2,521,0,228
287000,,8,2001,2002,396.0,0,1055,1055,1208,2263,2,7,1,2001.0,2,905,0,45
160000,80.0,5,1977,1977,0.0,936,1126,1126,0,1126,2,5,1,1977.0,2,484,295,41
141000,,4,1960,1960,0.0,419,1100,1100,0,1100,1,6,1,1960.0,1,312,355,0
125000,84.0,6,1923,1950,0.0,0,1200,1200,0,1200,1,7,0,1923.0,1,312,0,0
207000,64.0,6,1923,2000,0.0,0,833,1053,795,1848,1,8,1,1922.0,2,370,0,0
82000,60.0,4,1950,1950,0.0,0,721,841,0,841,1,4,0,1950.0,1,294,250,0
102000,60.0,5,1926,1950,0.0,0,1008,1008,0,1522,2,7,0,,0,0,0,0
95000,107.0,3,1900,1970,0.0,440,978,1014,685,1699,2,7,0,1920.0,2,420,0,74
151000,30.0,7,2004,2005,0.0,0,600,600,600,1200,2,4,0,2004.0,2,480,0,172
110000,50.0,5,1947,1950,0.0,312,720,720,564,1284,1,5,0,1948.0,1,240,0,35
139000,70.0,5,1958,1965,0.0,504,1029,1339,0,1339,1,6,0,1958.0,1,294,0,0
155900,37.0,6,2004,2004,169.0,662,848,848,0,848,1,3,1,2004.0,2,420,140,0
139000,70.0,5,1958,1992,0.0,846,1056,1056,0,1056,1,6,0,1958.0,1,308,0,0
55993,66.0,5,1952,1952,0.0,0,540,1044,0,1044,1,4,0,1952.0,2,504,0,0
93500,60.0,3,1950,1950,0.0,0,0,1040,0,1040,2,6,0,1949.0,2,400,0,0
107500,70.0,5,1910,1991,0.0,969,1117,820,527,1347,1,5,0,,0,0,85,0
178400,,7,1961,2007,210.0,867,944,999,0,999,1,6,0,1961.0,2,588,144,76
306000,98.0,8,2007,2008,200.0,1218,1704,1704,0,1704,2,7,1,2008.0,3,772,0,50
230000,,7,2002,2002,295.0,986,1654,1654,0,1654,2,6,0,2002.0,3,900,0,136
228000,,8,1981,1981,653.0,0,1686,1707,0,1707,2,6,1,1981.0,2,511,574,64
150900,55.0,6,1976,1976,0.0,936,1728,1728,0,1728,2,8,0,1976.0,2,574,40,0
204000,78.0,7,1999,1999,183.0,679,1490,1501,0,1501,2,6,0,1999.0,2,577,144,29
154000,,5,1968,2001,0.0,188,1060,1060,0,1060,1,6,1,1968.0,1,270,406,90
189000,40.0,8,1988,1989,0.0,767,1228,1228,0,1228,2,5,1,1988.0,2,472,168,120
100000,75.0,5,1965,1965,0.0,0,0,1664,0,1664,2,8,0,,0,0,0,0
110000,57.0,5,1953,1953,0.0,570,773,773,0,773,1,4,0,1953.0,1,240,0,0
235128,92.0,8,2007,2008,186.0,0,1580,1580,0,1580,2,7,0,2008.0,3,830,0,24
271000,81.0,7,1994,1994,448.0,1000,1223,1223,904,2127,2,5,2,1994.0,2,525,171,132
93500,63.0,5,1991,1992,0.0,212,974,974,0,974,1,5,0,,0,0,0,28
188000,57.0,7,1998,1999,0.0,0,880,880,844,1724,2,8,0,1998.0,2,527,120,155
328000,80.0,7,1996,1997,0.0,1201,1306,1306,954,2260,2,7,0,1996.0,2,533,296,44
136000,75.0,6,1958,1958,135.0,570,1080,1080,0,1080,1,5,0,1958.0,1,288,0,0
154000,75.0,5,1959,1994,0.0,340,1246,1246,0,1246,1,6,0,1959.0,1,305,218,0
125000,49.0,5,1955,1995,0.0,180,825,825,0,825,1,4,0,1963.0,2,720,140,50
81000,120.0,3,1935,1950,0.0,0,894,894,0,894,1,6,0,1994.0,3,1248,0,20
200000,,7,1973,1973,240.0,859,1107,1107,983,2090,2,7,2,1973.0,2,484,235,204
108480,60.0,5,1921,1968,0.0,0,1073,1073,0,1073,1,4,0,1968.0,1,326,0,0
210000,75.0,8,2008,2008,0.0,0,768,786,804,1590,2,6,0,2008.0,2,676,0,30
171000,70.0,6,1962,1962,318.0,319,858,858,858,1716,1,8,1,1962.0,2,490,0,84
149700,90.0,6,1957,1996,0.0,600,912,1236,0,1236,1,6,0,1957.0,2,923,0,158
254900,100.0,7,2004,2005,0.0,222,991,991,956,1947,2,8,1,2004.0,2,678,0,136
287090,78.0,8,2008,2009,194.0,0,1573,1578,0,1578,2,7,1,2008.0,3,840,0,36
115000,50.0,5,1948,1950,0.0,104,789,789,0,789,1,5,0,1948.0,1,250,0,0
140000,75.0,6,1958,1958,105.0,513,588,1095,0,1095,1,6,0,1958.0,1,264,0,0
97000,70.0,5,1956,1956,0.0,0,0,882,0,882,1,4,0,1956.0,1,308,0,45
236500,39.0,8,1995,1996,0.0,1180,1595,1616,0,1616,2,5,1,1995.0,2,608,237,152
214500,,6,1916,1994,0.0,0,844,1445,689,2134,2,10,0,1930.0,2,441,0,60
194201,53.0,7,2006,2007,72.0,0,1258,1402,0,1402,0,7,1,2006.0,3,648,120,16
155000,69.0,6,1966,1966,266.0,512,660,660,688,1348,1,6,1,1966.0,2,453,188,108
136905,,5,1976,1976,164.0,0,1680,1680,0,1680,2,8,0,1976.0,2,528,0,0
274000,62.0,8,2003,2004,472.0,1218,1518,1518,0,1518,1,6,1,2003.0,2,588,185,140
154000,,5,1966,1966,200.0,740,1154,1154,0,1154,1,6,1,1966.0,2,480,0,58
206000,64.0,7,2006,2006,24.0,686,1187,1208,0,1208,2,6,0,2006.0,2,632,105,61
339750,85.0,8,2007,2008,100.0,789,1034,1050,1028,2078,2,8,1,2008.0,3,836,0,102
185000,76.0,6,1974,1974,270.0,442,901,943,933,1876,2,8,1,1974.0,2,540,0,69
194500,,7,1994,1996,0.0,0,712,1086,809,1895,2,7,1,1994.0,2,409,143,46
168000,,5,1956,1987,0.0,988,1188,1437,0,1437,1,6,1,1999.0,2,576,304,0
168000,,4,1961,1975,149.0,1159,1249,1622,0,1622,1,7,1,1975.0,4,1356,439,0
124000,24.0,6,1980,1980,0.0,285,561,561,668,1229,1,5,1,1980.0,2,462,150,0
117500,70.0,5,1965,1965,0.0,338,925,925,0,925,1,5,0,1965.0,1,429,0,0
143900,40.0,5,1962,1962,0.0,0,1140,1696,0,1696,1,8,1,1962.0,1,349,0,30
144000,,5,1983,1983,0.0,747,840,884,0,884,1,5,0,1983.0,2,504,240,0
117000,60.0,5,1941,1960,0.0,408,984,984,620,1604,2,6,0,1977.0,2,660,0,68
151000,24.0,6,1980,1980,0.0,81,716,716,840,1556,2,6,1,1980.0,2,452,161,0
66500,52.0,5,1941,1950,0.0,0,676,676,455,1131,1,5,0,1941.0,1,200,26,0
320000,84.0,9,2006,2006,302.0,0,1905,1905,0,1905,2,8,1,2006.0,3,788,0,191
215000,,7,1998,1998,0.0,1443,1482,1494,0,1494,2,5,1,1998.0,2,514,402,25
126175,49.0,3,1955,2005,0.0,256,1162,1163,0,1163,1,6,0,1955.0,1,220,142,98
176432,78.0,6,2006,2006,0.0,24,1314,1314,0,1314,2,6,1,2006.0,2,440,0,22
260000,121.0,8,1991,1992,284.0,0,1288,1301,1116,2417,2,9,1,1991.0,2,462,127,82
128500,,5,1961,1961,57.0,827,988,988,0,988,1,5,0,1963.0,2,572,0,0
179400,24.0,7,1999,1999,360.0,549,744,757,744,1501,2,6,0,1999.0,2,440,0,0
119900,65.0,5,1939,1950,0.0,507,793,793,325,1118,1,5,1,1939.0,2,410,0,0
226700,75.0,7,2005,2005,0.0,400,866,866,902,1768,2,7,0,2005.0,2,603,0,108
410000,56.0,8,1995,1996,579.0,816,2033,2053,1185,3238,2,9,1,1996.0,3,666,283,86
403000,174.0,8,1995,1996,506.0,689,1462,1490,1304,2794,2,9,1,1995.0,3,810,0,146
230000,75.0,8,2002,2002,281.0,0,1777,1795,0,1795,2,7,1,2002.0,2,534,171,159
312500,85.0,8,2002,2002,630.0,1274,1800,1800,0,1800,2,7,1,2002.0,3,765,270,78
110000,,5,1966,1966,65.0,340,864,892,0,892,1,5,0,1966.0,1,264,0,0
128000,80.0,5,1954,1954,110.0,354,1056,1063,0,1063,1,6,0,1954.0,1,280,0,0
309000,108.0,8,2004,2005,132.0,0,1117,1132,1320,2452,3,9,1,2004.0,3,691,113,32
134000,44.0,5,1976,1976,0.0,874,1142,1142,0,1142,1,6,1,1976.0,2,528,536,90
222000,,7,1997,1997,285.0,0,964,993,1243,2236,2,8,1,1997.0,2,642,0,0
187000,76.0,6,1993,1993,120.0,426,832,832,878,1710,2,7,0,1993.0,2,506,144,70
80500,52.0,4,1947,1950,0.0,0,0,672,240,912,1,3,0,,0,0,0,0
187500,,6,1995,1996,0.0,592,691,691,807,1498,2,6,1,1995.0,2,409,315,44
177500,,6,2000,2000,216.0,378,756,769,804,1573,2,5,0,2000.0,2,440,0,32
140200,65.0,6,1939,1950,0.0,0,972,972,605,1577,1,6,1,1939.0,1,312,0,0
103200,55.0,4,1956,1956,0.0,0,882,882,0,882,1,4,0,,0,0,0,0
129500,69.0,4,1982,2006,0.0,565,845,845,0,845,1,4,0,1987.0,2,360,0,0
140000,60.0,5,1945,1950,0.0,580,913,1048,510,1558,1,6,1,1962.0,1,288,0,0
145000,35.0,5,2005,2005,80.0,547,547,1072,0,1072,1,5,0,2005.0,2,525,0,28
119750,50.0,5,1938,1950,0.0,0,920,954,0,954,1,5,1,1938.0,1,240,0,0
135000,70.0,5,1969,1969,192.0,650,1040,1040,1040,2080,1,9,2,1969.0,2,504,335,0
137500,51.0,5,1920,2004,0.0,0,939,939,574,1513,1,8,0,1933.0,1,180,24,0
556581,85.0,9,2005,2006,208.0,240,1992,1992,876,2868,3,11,1,2005.0,3,716,214,108
424870,77.0,8,2006,2007,340.0,1150,1466,1466,1362,2828,3,11,1,2006.0,3,1052,125,144
157000,80.0,5,1973,2000,0.0,1084,1176,1178,0,1178,1,5,1,1973.0,2,439,224,0
240000,80.0,8,1995,1996,438.0,1079,1220,1220,870,2090,2,8,1,1995.0,2,556,0,65
394617,96.0,8,2008,2008,426.0,1336,1932,1932,0,1932,2,7,1,2008.0,3,774,0,66
192140,60.0,5,2005,2005,0.0,0,732,734,1104,1838,2,7,1,2005.0,2,372,100,40
152000,40.0,6,1926,2004,0.0,370,1149,1149,467,1616,2,5,0,1926.0,1,216,0,0
148500,24.0,6,1976,1976,0.0,566,855,855,601,1456,2,7,1,1976.0,2,440,87,0
202500,44.0,8,2006,2006,178.0,24,1370,1370,0,1370,2,6,1,2006.0,2,484,120,49
115000,,5,1976,1976,0.0,0,264,616,688,1304,1,4,1,1976.0,1,336,141,24
320000,86.0,9,2007,2008,340.0,1234,1698,1698,0,1698,2,8,1,2007.0,3,768,327,64
81000,21.0,4,1972,1972,0.0,495,630,630,0,630,1,3,0,,0,0,88,0
115000,100.0,5,1960,2006,75.0,0,0,1771,0,1771,1,9,1,1960.0,2,336,0,0
168500,,7,1995,1996,22.0,0,384,804,670,1474,2,7,1,1995.0,2,400,120,72
210000,65.0,7,2004,2004,266.0,946,1436,1436,0,1436,2,8,0,2004.0,2,484,139,98
150000,,4,1976,1993,0.0,1116,1281,1620,0,1620,2,8,1,1993.0,2,490,120,78
220000,95.0,7,2005,2005,226.0,1201,1541,1541,0,1541,2,7,1,2005.0,2,532,0,70
263000,75.0,7,2003,2004,0.0,0,912,912,1182,2094,2,8,1,2003.0,2,615,182,182
125000,50.0,6,1984,1984,0.0,623,744,752,0,752,1,4,0,1984.0,1,264,353,0
112000,68.0,6,1978,1978,0.0,0,0,1318,584,1902,2,8,0,1978.0,2,539,0,0
136500,60.0,6,1925,1950,0.0,423,1181,1390,304,1694,2,7,1,1925.0,2,576,342,0
136900,75.0,6,1954,1972,0.0,444,994,1216,639,1855,2,7,0,1954.0,1,325,182,0
354000,99.0,8,2004,2004,388.0,970,1136,1136,1332,2468,2,10,1,2004.0,3,872,184,154
177000,,6,2000,2000,456.0,436,756,769,756,1525,2,5,1,2000.0,2,440,0,0
200500,138.0,5,1946,1994,0.0,152,1598,1636,971,3086,3,12,1,,0,0,122,0
174900,82.0,6,1966,1966,183.0,312,1127,1165,0,1165,1,6,0,1966.0,2,490,0,129
152000,82.0,5,1996,1996,0.0,732,1040,1040,0,1040,1,6,0,2000.0,2,576,168,0
157500,,6,1960,1960,30.0,1270,1478,1478,0,1478,2,6,2,1960.0,2,498,0,40
90000,85.0,5,1900,1950,0.0,0,662,1422,915,2337,2,10,0,1945.0,2,560,0,57
239000,80.0,6,1932,1950,0.0,503,952,1170,1175,2345,2,9,1,1932.0,2,360,0,0
165000,,6,1999,1999,425.0,883,1224,1224,0,1224,2,5,0,1999.0,2,402,0,304
136500,,5,1978,2005,90.0,646,864,864,0,864,1,6,0,1978.0,1,336,0,0
162900,78.0,7,1976,1976,0.0,194,832,832,832,1664,2,8,1,1976.0,2,528,0,28
375000,150.0,7,1965,1965,0.0,1236,2136,2036,0,2036,2,8,2,1965.0,2,513,0,0
172500,,5,1958,1958,0.0,57,1052,1252,668,1920,2,8,1,1958.0,2,451,0,0
155000,88.0,5,1957,2000,67.0,168,1134,1803,0,1803,2,8,1,1957.0,2,484,0,0
84500,60.0,6,1935,1982,0.0,490,520,520,0,754,1,5,0,,0,0,53,0
188700,74.0,6,1934,1995,0.0,326,715,849,811,1660,1,6,1,1939.0,1,240,0,0
184000,,7,1972,2004,138.0,626,725,725,754,1479,1,7,0,1972.0,2,484,0,32
210000,85.0,6,1978,1988,119.0,790,1542,2073,0,2073,2,7,2,1978.0,2,500,349,0
197900,,6,1967,1976,359.0,528,1680,1724,0,1724,1,7,1,1967.0,2,480,0,0
132000,70.0,5,1962,1962,0.0,417,1057,1057,0,1057,1,6,0,1977.0,2,576,0,0
250000,75.0,8,2003,2004,768.0,0,1053,1053,939,1992,2,9,1,2003.0,2,648,140,45
166000,80.0,6,1957,1957,387.0,1040,1392,1392,0,1392,1,6,2,1957.0,2,458,0,0
96500,55.0,4,1910,2004,0.0,0,576,792,348,1140,1,7,0,,0,0,0,160
128000,,6,1976,1976,0.0,120,1078,958,0,958,2,5,1,1977.0,2,440,0,205
257000,88.0,8,2005,2006,366.0,976,1844,1844,0,1844,2,7,1,2005.0,2,620,165,44
155000,74.0,5,2006,2007,0.0,0,1125,1125,0,1125,1,5,0,2007.0,2,430,80,64
340000,,8,1998,1998,731.0,781,1284,1310,1140,2450,2,7,1,1998.0,3,1069,0,126
402861,94.0,10,2009,2009,305.0,1436,2006,2020,0,2020,2,9,1,2009.0,3,900,156,54
426000,96.0,10,2007,2008,272.0,1280,1682,1742,590,2332,2,9,1,2008.0,3,846,196,134
110000,67.0,6,1920,2000,0.0,0,684,684,512,1196,1,7,0,2005.0,2,528,0,46
157900,75.0,6,1958,1958,243.0,608,1442,1442,0,1442,1,7,0,1958.0,1,301,0,0
335000,96.0,9,2008,2008,154.0,936,1104,1130,1054,2184,2,10,1,2008.0,3,836,0,102
124900,60.0,5,1972,1972,0.0,632,780,780,0,780,1,4,0,1973.0,1,352,196,0
249700,84.0,8,2006,2006,0.0,24,1656,1656,0,1656,2,7,0,2006.0,3,826,0,146
140000,50.0,7,1921,1950,0.0,0,576,902,808,1710,2,9,0,1990.0,2,480,12,11
154000,36.0,7,2003,2004,106.0,573,764,764,862,1626,2,6,0,2003.0,2,474,0,27
147000,72.0,5,1965,2008,300.0,595,912,912,0,912,1,5,0,1992.0,2,576,0,240
130000,60.0,5,1955,1955,0.0,384,384,1360,0,1360,1,6,1,1962.0,2,572,0,50
142500,100.0,5,1974,1974,0.0,762,864,894,0,894,1,5,1,1974.0,2,440,241,0
175500,36.0,7,2003,2003,106.0,0,764,764,862,1626,2,6,0,2003.0,2,474,0,27
90350,40.0,5,1913,2002,0.0,365,440,694,0,694,1,4,1,1990.0,1,352,0,0
315500,89.0,9,2007,2008,70.0,1022,1620,1620,0,1620,2,6,1,2008.0,3,912,228,0
141000,70.0,5,1959,1959,0.0,179,1150,1150,0,1150,1,6,0,1959.0,1,300,0,0
180000,,6,1969,1969,0.0,938,938,988,0,988,1,4,2,1969.0,2,540,0,130
252678,72.0,7,2009,2009,0.0,822,900,932,920,1852,2,7,1,2009.0,2,644,168,108
181500,80.0,6,1976,1976,0.0,978,1262,1262,0,1262,2,6,1,1976.0,2,460,298,0
132500,55.0,5,1976,1976,0.0,483,911,954,0,954,1,6,0,1976.0,2,576,0,0
126000,65.0,5,1994,1994,0.0,495,990,990,0,990,1,5,0,1996.0,1,299,0,64
130500,60.0,5,1982,2008,0.0,641,816,816,0,816,1,5,1,1982.0,1,264,0,0
214900,80.0,7,2002,2003,44.0,624,817,824,1070,1894,2,8,1,2002.0,2,510,0,40
155000,80.0,5,1963,1963,148.0,776,1120,1128,0,1128,2,6,0,1963.0,2,525,192,20
145000,82.0,5,1949,1950,0.0,284,1001,1001,1001,2002,2,8,0,1949.0,3,871,0,0
141000,80.0,5,1961,1961,0.0,0,1800,1800,0,1800,2,10,0,,0,0,0,0
236000,,7,2000,2000,0.0,300,952,980,1276,2256,2,8,1,2000.0,2,554,224,54
185000,74.0,7,1998,1998,40.0,0,832,885,833,1718,2,7,1,1998.0,2,427,0,94
140000,70.0,5,1962,1980,0.0,504,931,1283,0,1283,1,6,0,1980.0,2,506,0,0
145000,70.0,5,1959,2005,122.0,528,1626,1712,0,1712,2,8,0,2005.0,2,588,272,54
233170,79.0,7,2009,2009,268.0,0,1502,1502,0,1502,2,7,0,2009.0,2,644,0,114
215000,,8,2003,2003,40.0,0,1273,1456,0,1456,2,7,1,2003.0,2,400,143,20
133000,79.0,6,1941,1950,0.0,403,806,958,620,1578,1,5,2,1941.0,1,240,0,0
141000,140.0,4,1951,1951,0.0,120,864,864,0,864,1,4,0,1951.0,2,400,0,0
187500,,8,1984,1984,0.0,1036,1220,1360,0,1360,1,4,1,1984.0,2,565,63,0
237500,,6,1970,1970,0.0,865,1205,2117,0,2117,2,7,2,1970.0,2,550,0,42
625000,118.0,10,1995,1996,1378.0,1387,1930,1831,1796,3627,3,10,1,1995.0,3,807,361,76
153900,100.0,5,1915,1950,0.0,0,876,876,540,1416,1,7,1,1949.0,3,720,418,0
90000,72.0,4,1967,1967,0.0,0,0,1296,0,1296,2,6,0,1967.0,2,516,0,0
107000,57.0,4,1925,1950,0.0,0,686,810,518,1328,1,8,0,1940.0,1,210,0,172
147000,24.0,6,1974,1974,0.0,257,855,855,467,1322,2,6,1,1974.0,2,440,260,0
157000,82.0,7,1978,1978,206.0,704,1271,1601,0,1601,2,7,1,1978.0,2,478,0,0
177000,63.0,6,1915,1976,0.0,0,840,840,840,1680,2,8,0,1960.0,1,308,0,0
180500,100.0,6,1964,1964,272.0,490,1425,1425,0,1425,2,7,1,1964.0,2,576,0,0
305900,80.0,8,2004,2005,246.0,1464,2000,2000,0,2000,2,8,0,2004.0,3,888,168,0
266500,66.0,7,1941,2006,0.0,275,1152,1188,1152,2340,2,9,2,1941.0,1,252,0,60
172400,,6,2000,2000,0.0,0,953,953,711,1664,2,7,1,2000.0,2,460,100,40
135000,60.0,7,1946,1992,0.0,0,651,707,682,1389,1,6,2,1947.0,1,240,0,0
485000,104.0,9,2008,2009,860.0,0,1926,1966,1174,3140,3,11,2,2009.0,3,820,144,78
134900,50.0,6,1937,2000,0.0,0,698,786,390,1176,1,4,0,1999.0,2,624,210,0
235000,,6,1960,1975,0.0,429,1602,1252,0,1252,1,4,1,1960.0,2,564,409,0
132000,60.0,5,1910,2002,0.0,0,264,768,664,1432,2,7,0,1910.0,2,360,270,0
180500,99.0,7,1990,1990,0.0,0,1424,1442,0,1442,2,5,0,1990.0,2,500,0,34
225000,116.0,7,1990,1991,246.0,700,700,1122,1121,2243,2,8,1,1990.0,3,746,127,44
135000,87.0,5,1973,1973,564.0,0,1656,1656,0,1656,2,8,0,1973.0,2,506,0,211
125500,40.0,4,1922,2007,0.0,735,796,796,358,1154,1,7,0,1922.0,1,240,0,96
151000,65.0,6,1969,1969,0.0,602,1054,1054,0,1054,1,6,0,1969.0,2,460,180,0
182900,,6,1981,1981,310.0,678,1440,1440,0,1440,2,7,1,1981.0,2,467,0,0
214000,70.0,7,2002,2003,113.0,810,1536,1536,0,1536,2,7,0,2002.0,2,532,192,74
235000,70.0,7,2000,2000,244.0,1400,1525,1525,0,1525,2,6,0,2000.0,2,541,219,36
94750,73.0,4,1965,1965,48.0,520,960,960,0,960,1,6,0,1965.0,1,432,120,0
88000,21.0,4,1970,1970,0.0,273,546,546,546,1092,1,6,0,1970.0,1,286,238,0
127500,53.0,6,1977,1977,0.0,360,1069,1069,0,1069,2,4,1,1977.0,2,440,0,55
175500,80.0,7,1973,1973,320.0,916,1242,1242,0,1242,1,6,1,1973.0,2,528,0,0
159000,77.0,6,1962,1981,0.0,600,912,1085,649,1734,1,7,1,1962.0,2,440,0,0
143000,100.0,5,1967,1967,0.0,0,1632,1632,0,1632,2,8,0,1967.0,2,576,0,0
232000,73.0,7,2005,2005,228.0,0,1616,1616,0,1616,2,7,0,2005.0,3,834,208,59
122500,60.0,4,1885,1950,0.0,0,777,1246,1044,2290,2,11,0,1971.0,2,560,0,0
134500,69.0,5,1962,1962,0.0,784,925,999,0,999,1,6,0,1962.0,1,300,150,72
171750,,7,2003,2003,163.0,0,1405,1405,0,1405,2,6,1,2003.0,2,478,148,36
169900,,6,1976,1976,335.0,539,1012,1034,0,1034,1,6,0,1976.0,3,888,0,0
135000,65.0,4,1928,1950,0.0,622,1122,1328,653,1981,2,7,2,1981.0,2,576,431,44
177000,57.0,6,1928,1950,0.0,0,896,1172,741,1913,1,9,1,1929.0,2,342,0,0
143000,85.0,5,1993,1995,0.0,732,796,796,566,1362,1,5,0,1993.0,2,480,40,30
139500,60.0,6,1940,1950,0.0,0,778,944,545,1489,2,7,1,1940.0,1,240,335,0
259000,182.0,7,2004,2004,0.0,1300,1530,1530,0,1530,2,7,1,2004.0,3,630,144,36
316600,79.0,8,1983,2009,0.0,1441,1496,1496,636,2132,1,5,1,1983.0,2,612,349,40
217000,,6,1953,1953,184.0,35,1809,2259,0,2259,2,7,2,1953.0,2,450,166,120
172500,24.0,8,1999,2000,456.0,649,970,983,756,1739,2,7,0,1999.0,2,480,115,0
264132,75.0,9,2008,2008,284.0,0,1498,1506,0,1506,2,6,1,2008.0,2,592,0,174
87500,,3,1949,1950,340.0,0,0,1040,0,1040,2,6,0,1949.0,2,400,0,0
87000,60.0,4,1900,1950,0.0,0,1095,1095,679,1774,2,8,0,1920.0,3,779,0,0
179500,60.0,5,1939,1997,0.0,378,720,1052,720,2192,2,8,1,1939.0,1,240,262,24
179665,58.0,7,2006,2006,0.0,554,654,664,832,1496,2,7,1,2006.0,2,426,100,24
88000,51.0,5,1925,1950,0.0,489,768,1015,0,1015,1,6,0,1925.0,1,450,0,0
260400,59.0,7,1996,1996,338.0,919,1720,1720,0,1720,2,7,1,1996.0,2,527,240,56
134432,80.0,4,1959,1959,0.0,0,0,1120,468,1588,2,7,1,1991.0,2,680,0,59
139000,72.0,6,1956,1956,74.0,616,1196,1196,0,1196,1,6,1,1956.0,1,297,0,44
285000,85.0,8,1992,2000,337.0,700,1683,2129,743,2872,2,9,1,1992.0,2,541,0,33
271900,90.0,7,1990,1991,234.0,485,2158,2196,0,2196,2,7,1,1990.0,3,701,84,70
165000,78.0,6,1974,1974,174.0,0,1064,1350,0,1350,2,7,1,1974.0,2,478,0,0
340000,102.0,8,2004,2005,0.0,0,1580,1580,886,2466,3,8,1,2004.0,2,610,159,214
147000,59.0,5,1920,1997,0.0,456,672,672,672,1344,1,6,0,1964.0,1,468,0,128
68400,60.0,4,1920,1950,0.0,0,698,698,430,1128,1,6,0,1980.0,2,528,30,0
319900,61.0,9,2005,2005,412.0,456,1752,1752,0,1752,2,6,1,2005.0,2,576,196,82
145000,80.0,6,1971,2004,144.0,656,1258,1258,0,1258,2,5,0,1971.0,2,528,55,0
144000,78.0,5,1958,1958,180.0,460,874,874,650,1524,1,7,0,1958.0,1,315,0,0
173000,,7,1990,1991,0.0,611,1188,1217,0,1217,2,6,0,1990.0,2,497,168,27
132500,50.0,6,1939,1950,0.0,0,780,825,587,1412,1,6,1,1939.0,1,280,45,0
226000,72.0,7,2003,2003,167.0,1013,1453,1479,0,1479,2,7,0,2003.0,2,558,144,29
200000,60.0,6,1914,1995,0.0,256,1440,1440,1440,3395,2,14,0,,0,0,0,110
135000,115.0,5,1948,1950,0.0,0,720,720,551,1271,2,7,1,1948.0,1,312,0,0
159000,50.0,6,1947,1950,0.0,399,1004,1004,660,1664,2,7,2,1950.0,2,420,0,24
119000,,5,1964,1964,84.0,40,1728,1728,0,1728,2,10,0,2002.0,1,352,155,0
175000,57.0,7,1996,1997,0.0,604,729,729,717,1446,2,6,1,1996.0,2,406,264,22
192000,83.0,7,1977,1977,299.0,392,1160,1156,866,2022,2,8,1,1977.0,2,505,288,117
104900,60.0,5,1924,1950,0.0,392,784,949,272,1221,1,7,0,1965.0,1,392,0,0
129500,60.0,6,1917,1950,0.0,319,735,1134,924,2058,1,8,1,1950.0,2,396,0,0
120500,,6,1930,2007,0.0,538,816,816,0,816,1,5,0,2002.0,1,432,0,0
143000,,5,1967,1967,196.0,695,1214,1214,0,1214,2,5,1,1967.0,1,318,0,111
105000,51.0,5,1931,1993,0.0,209,715,875,0,875,1,5,0,1931.0,1,180,48,0
118400,59.0,6,1920,1950,0.0,0,1012,1012,0,1012,1,6,1,1920.0,1,308,0,22
270000,30.0,8,1995,1996,0.0,437,1494,1494,0,1494,1,6,1,1995.0,2,481,0,30
162000,,5,1959,2006,0.0,72,1063,1287,0,1287,1,7,1,1997.0,2,576,364,17
215000,,6,1977,2000,126.0,1246,1602,1602,0,1602,2,8,1,1977.0,2,529,240,0
116000,40.0,6,1920,1950,0.0,0,648,734,384,1118,1,6,0,1990.0,2,440,0,0
167000,80.0,6,1953,1953,238.0,1285,1416,1644,0,1644,1,7,2,1953.0,2,418,110,0
235000,174.0,8,1918,1990,0.0,1036,1360,1360,1360,3112,2,8,1,1918.0,2,795,0,16
170000,60.0,5,1936,1989,0.0,626,796,1096,370,1466,2,7,1,1950.0,2,566,436,21
167500,73.0,5,2006,2007,0.0,0,384,754,640,1394,2,7,0,2007.0,2,400,100,0
318061,68.0,9,2007,2007,362.0,0,1869,1869,0,1869,2,6,1,2007.0,2,617,210,54
446261,67.0,9,2008,2008,268.0,1330,1452,1476,1237,2713,2,11,1,2008.0,3,858,126,66
163500,,6,1970,1970,0.0,1237,1657,1657,0,1657,2,7,1,1970.0,2,484,0,0
314813,90.0,9,2007,2007,452.0,48,1822,1828,0,1828,2,9,1,2007.0,3,774,0,108
143000,78.0,6,1949,1950,320.0,196,1040,1168,678,1846,2,7,1,1949.0,1,315,0,0
182000,95.0,7,2007,2008,,0,1428,1428,0,1428,2,6,0,2007.0,2,480,0,120
190000,,7,1986,1986,0.0,1082,1453,1453,0,1453,1,6,1,1986.0,2,445,0,80
122900,60.0,5,1949,2006,0.0,0,672,672,252,924,1,6,1,2003.0,2,576,0,0
136000,60.0,5,1974,1974,0.0,0,896,896,896,1792,2,8,0,,0,0,32,45
147000,80.0,5,1950,2007,0.0,607,1113,1113,0,1113,1,5,1,1950.0,1,264,0,80
85000,60.0,5,1910,2006,0.0,247,1022,1022,0,1022,1,4,0,1956.0,1,280,0,30
105000,90.0,4,1920,1950,0.0,315,840,840,534,1374,1,6,0,1967.0,1,338,0,0
137000,74.0,5,1982,1982,0.0,672,840,860,0,860,1,4,0,1996.0,2,528,0,0
155000,24.0,6,1976,1976,0.0,556,804,804,744,1548,2,7,1,1976.0,2,440,48,0
137000,69.0,6,1910,1950,0.0,0,1020,908,1020,1928,2,9,0,1910.0,1,440,0,60
73000,30.0,5,1925,2004,0.0,0,680,764,0,764,1,4,0,1965.0,2,504,0,0
230000,73.0,8,1999,2000,320.0,668,1004,1004,848,1852,2,7,2,1999.0,3,660,224,106
139000,,5,1962,1962,116.0,170,1092,1092,0,1092,1,6,1,1962.0,1,288,0,20
174000,80.0,6,1962,2005,237.0,0,1319,1537,0,1537,1,7,1,1962.0,2,462,0,36
107000,,4,1966,1966,0.0,1056,1056,1056,0,1056,1,5,0,1966.0,1,384,0,42
140000,76.0,5,1900,1996,0.0,0,360,1032,780,1812,2,8,1,1999.0,2,672,344,0
162000,,7,2003,2003,0.0,0,660,660,660,1320,2,6,0,2003.0,2,400,0,48
261500,,8,2001,2001,108.0,990,1299,1299,573,1872,2,7,1,2001.0,2,531,160,122
215000,59.0,7,2004,2005,0.0,0,847,847,1112,1959,2,8,1,2004.0,2,434,100,48
137500,80.0,4,1922,1950,0.0,0,700,1180,0,1180,1,5,1,1922.0,1,252,0,0
222500,75.0,7,1998,1999,202.0,252,1153,1153,878,2031,2,8,1,1998.0,2,541,192,84
123500,57.0,5,1952,1952,0.0,210,980,1148,0,1148,1,6,0,1952.0,1,308,0,0
82000,74.0,3,1952,1952,0.0,0,0,944,0,944,1,4,0,1956.0,2,528,0,0
328900,50.0,9,1999,2000,60.0,1238,1698,1709,0,1709,2,5,1,1999.0,2,506,97,65
151000,88.0,6,1977,1995,46.0,506,506,1212,0,1212,1,6,1,1978.0,2,492,292,12
140000,35.0,6,2005,2006,82.0,547,547,1072,0,1072,2,5,0,2005.0,2,525,0,44
101000,60.0,5,1920,1996,0.0,0,530,581,530,1111,1,6,0,1935.0,1,288,0,0
84500,90.0,5,2006,2006,0.0,0,1140,1140,0,1140,1,6,0,,0,0,36,56
149000,,6,2004,2004,205.0,662,848,848,0,848,1,3,1,2004.0,2,420,149,0
34900,60.0,4,1920,1950,0.0,495,720,720,0,720,1,4,0,,0,0,0,523
124900,98.0,5,1890,1996,0.0,1088,1088,1188,561,1869,1,7,0,1963.0,2,456,48,0
325000,77.0,9,2005,2007,245.0,0,1122,1134,1370,2504,2,11,1,2005.0,3,656,144,39
87000,55.0,5,1930,1950,0.0,116,672,840,0,840,1,5,1,,0,0,0,0
173733,30.0,6,2009,2009,76.0,294,612,612,612,1224,2,4,0,2009.0,2,528,0,234
219500,75.0,7,1940,1984,0.0,410,800,960,780,1740,1,6,2,1940.0,1,240,0,0
109500,50.0,5,1924,1950,0.0,784,784,784,0,784,1,5,0,,0,0,0,0
227000,67.0,7,2002,2002,110.0,788,1573,1573,0,1573,2,6,0,2002.0,2,544,0,72
210000,70.0,7,1994,1995,0.0,642,915,933,975,1908,2,8,1,1994.0,2,493,144,133
241000,65.0,7,2006,2007,100.0,812,1092,1112,438,1550,2,7,0,2007.0,2,438,0,168
153000,64.0,5,1957,2000,0.0,860,992,1306,0,1306,1,5,0,1968.0,1,756,0,0
171000,76.0,6,1977,1977,0.0,522,1096,1118,0,1118,1,6,1,1977.0,1,358,203,0
180000,72.0,7,2003,2003,101.0,0,840,840,828,1668,2,8,0,2003.0,2,500,144,68
150000,90.0,6,1957,1957,0.0,777,1244,1244,0,1244,1,6,2,1957.0,1,336,0,40
140000,,6,2003,2003,170.0,685,848,848,0,848,1,4,0,2003.0,2,420,140,0
275000,44.0,8,2004,2005,174.0,1373,1594,1646,0,1646,2,5,1,2004.0,2,482,128,53
79000,63.0,5,1900,1950,0.0,0,540,889,551,1440,1,6,0,1940.0,1,352,0,0
176500,87.0,6,1958,2002,0.0,528,1184,1414,0,1414,1,6,1,1990.0,2,601,0,51
412500,110.0,9,2003,2004,664.0,1016,1572,1572,1096,2668,2,10,2,2003.0,3,726,400,0
175000,,5,1977,1977,0.0,767,1126,1126,0,1126,2,6,0,1977.0,2,540,180,0
244000,95.0,7,1973,1973,1115.0,1880,2223,2223,0,2223,2,8,2,1973.0,2,516,300,0
129000,109.0,5,1968,1968,0.0,492,894,894,0,894,1,5,1,1968.0,2,450,0,0
232000,75.0,8,2006,2006,53.0,24,1574,1574,0,1574,2,7,1,2006.0,3,824,144,104
160000,87.0,6,1962,1962,261.0,0,1116,1116,0,1116,1,5,0,1962.0,2,440,0,0
248900,67.0,8,2006,2007,274.0,0,1638,1646,0,1646,2,6,1,2007.0,3,870,192,80
129900,51.0,7,1931,1950,0.0,0,952,1022,752,1774,2,8,2,1931.0,2,468,90,0
115000,85.0,5,1919,2005,0.0,0,793,997,520,1517,2,7,0,,0,0,0,0
123000,70.0,4,1971,1971,0.0,0,858,872,0,872,1,5,0,1974.0,4,480,0,0
39300,50.0,1,1946,1950,0.0,0,0,334,0,334,1,2,0,,0,0,0,0
147000,,6,1978,1978,0.0,505,940,1026,0,1026,1,5,0,1981.0,2,576,0,0
144000,65.0,7,1916,1950,0.0,0,815,815,875,1690,1,7,1,1916.0,1,225,0,0
235000,120.0,6,1935,1986,0.0,626,1127,1236,872,2108,2,7,2,1935.0,2,540,0,0
155000,60.0,7,1936,2007,0.0,350,560,575,560,1135,1,6,0,1971.0,2,576,256,0
205000,,6,1977,2001,28.0,1200,1610,1610,0,1610,2,6,2,1977.0,2,480,168,68
122000,60.0,7,1910,1950,0.0,0,925,964,925,1889,1,9,1,1960.0,1,308,0,0
130000,24.0,7,2004,2004,50.0,0,970,970,739,1709,2,7,0,2004.0,2,380,0,40
245350,64.0,8,2008,2008,72.0,0,1694,1694,0,1694,2,7,0,2008.0,3,776,160,33
160000,,7,1991,1992,76.0,0,384,802,670,1472,2,7,1,1991.0,2,402,164,0
178000,77.0,6,1985,1985,336.0,0,741,977,755,1732,2,7,1,1985.0,2,476,192,46
168000,121.0,8,1882,1986,0.0,216,916,916,826,1742,1,8,1,1925.0,2,424,0,169
67000,45.0,3,1914,1950,0.0,41,864,864,0,864,1,5,0,,0,0,0,0
262500,75.0,8,2008,2008,36.0,1078,1566,1566,0,1566,2,7,0,2008.0,2,750,144,168
155000,24.0,7,1999,1999,0.0,604,696,696,720,1416,2,6,0,1999.0,2,484,0,44
212000,68.0,8,2007,2007,0.0,20,866,866,902,1768,2,7,0,2007.0,2,578,144,105
267000,66.0,8,1998,1999,0.0,281,1028,1210,1242,2452,2,9,1,1998.0,2,683,208,50
200100,54.0,7,1920,1950,0.0,352,793,901,901,1802,1,9,1,1920.0,1,216,0,0
185000,65.0,7,2003,2003,0.0,699,1337,1337,0,1337,2,6,0,2003.0,2,531,0,39
140000,70.0,5,1965,1965,0.0,698,1214,1214,0,1214,1,6,0,1965.0,2,461,0,0
234000,53.0,7,1926,2004,0.0,0,1276,1276,804,2080,1,9,2,1926.0,1,282,0,0
185000,,5,1967,1967,0.0,249,1013,1160,966,2126,2,7,0,1967.0,2,538,486,0
199900,,7,1998,1999,0.0,0,930,956,930,1886,2,10,1,1998.0,2,431,89,0
345000,85.0,9,2005,2006,286.0,998,1175,1182,1142,2324,3,11,2,2005.0,3,736,147,21
250000,84.0,8,2000,2000,350.0,655,1145,1145,1053,2198,2,9,1,2000.0,3,836,192,84
109500,52.0,5,1924,2006,0.0,0,768,792,0,792,1,5,0,1924.0,1,240,316,0
37900,50.0,3,1910,1950,0.0,0,600,600,368,968,1,6,0,,0,0,0,0
190000,,5,1977,1977,1.0,498,1361,1361,1259,2620,2,12,1,1977.0,2,600,155,24
79900,52.0,4,1926,1953,108.0,0,600,747,0,747,1,5,0,1953.0,2,528,0,0
268000,,7,1992,2000,0.0,728,1095,1166,1129,2295,2,9,1,1992.0,2,590,0,40
119500,37.0,5,1984,1985,0.0,658,876,923,0,923,1,5,0,1984.0,1,264,362,0
130250,,5,1975,1980,0.0,280,938,938,0,938,1,5,0,1977.0,1,308,145,0
173000,,6,1966,2000,252.0,400,800,800,832,1632,1,7,0,1966.0,2,484,0,40
91000,60.0,3,1922,1950,0.0,0,1007,1077,0,1077,1,6,1,1922.0,1,210,0,100
208900,75.0,6,1997,1998,215.0,994,1478,1493,0,1493,2,7,1,1997.0,2,508,140,39
225000,78.0,5,1948,2002,0.0,603,896,1112,896,2008,3,8,0,1948.0,1,230,103,0
342643,111.0,9,2006,2006,370.0,0,1249,1249,1347,2596,3,9,0,2006.0,3,840,240,154
175900,51.0,7,2007,2007,130.0,988,1386,1569,0,1569,2,7,1,2007.0,3,660,143,20
144000,,6,2003,2004,170.0,685,848,848,0,848,1,4,0,2003.0,2,420,140,0
173900,68.0,6,2005,2006,0.0,0,750,750,750,1500,2,6,0,2005.0,2,564,0,35
166000,71.0,5,1952,1952,0.0,507,910,910,475,1385,2,6,0,2000.0,2,720,0,0
185000,,6,1993,1993,68.0,310,680,680,790,1470,2,6,1,1993.0,2,420,232,63
260000,124.0,7,2005,2005,16.0,1274,1530,1530,0,1530,2,7,1,2005.0,2,430,168,36
124500,70.0,4,1970,1970,0.0,191,864,864,0,864,1,5,0,1994.0,2,463,0,0
129500,70.0,5,1965,1965,0.0,906,1040,1040,0,1040,1,5,0,1965.0,1,384,0,0
141500,51.0,5,1936,1950,0.0,0,927,1067,472,1539,1,5,0,1995.0,2,576,112,0
142500,37.0,6,1984,1984,0.0,819,1003,1003,0,1003,1,6,0,1984.0,2,588,120,0
84000,,4,1957,1957,0.0,0,0,845,0,845,1,5,0,1957.0,1,290,186,0
213490,43.0,7,2005,2005,145.0,16,1362,1506,0,1506,2,6,1,2005.0,2,440,142,20
105500,59.0,6,1954,1954,0.0,0,832,832,0,832,1,4,0,1962.0,2,528,0,0
284000,85.0,8,2003,2004,296.0,1124,3206,1629,0,1629,2,7,1,2003.0,3,880,0,0
222000,,6,1988,2007,260.0,808,880,1680,0,1680,2,5,1,1988.0,2,540,292,44
180000,78.0,5,1968,1993,0.0,570,1461,1721,0,1721,2,7,1,1968.0,2,440,0,96
108000,,5,1968,1968,0.0,0,948,948,0,948,1,6,0,1968.0,1,300,147,0
111250,,4,1972,1972,0.0,600,864,864,0,864,1,5,0,1980.0,2,576,216,0
451950,97.0,10,2008,2008,420.0,1338,1722,1728,568,2296,2,10,1,2008.0,3,842,382,274
163000,80.0,6,1961,1961,491.0,288,1362,1362,0,1362,1,6,1,1961.0,2,504,0,20
180000,63.0,7,2003,2003,0.0,0,783,807,702,1509,2,8,1,2003.0,2,393,0,75
194700,61.0,6,2005,2006,256.0,20,1362,1362,0,1362,2,6,1,2005.0,2,460,192,28
140000,60.0,7,1915,1970,0.0,216,756,961,756,1717,1,7,1,1998.0,3,642,0,35
120000,50.0,3,1948,2002,0.0,331,649,679,504,1183,1,6,0,1981.0,1,308,0,176
94000,54.0,5,1875,1996,0.0,0,780,780,240,1020,1,6,0,,0,0,0,0
118858,64.0,5,1979,1979,0.0,0,0,1535,0,1535,2,8,0,1979.0,2,400,0,0
159950,85.0,5,1966,1966,1047.0,516,1024,1086,0,1086,1,6,1,1966.0,2,484,0,0
142000,65.0,5,1968,1968,0.0,775,1056,1056,0,1056,1,6,1,1968.0,1,304,0,85
131000,60.0,5,1949,2008,0.0,292,768,1148,568,1716,1,8,1,1949.0,1,281,0,0
196500,80.0,7,1988,1988,42.0,394,980,980,734,1714,2,7,1,1988.0,2,496,228,66
86000,21.0,4,1970,2002,0.0,515,630,630,0,630,1,3,0,1970.0,1,286,0,0
128950,77.0,4,1959,1959,0.0,569,950,1225,0,1225,1,6,0,,0,0,352,0
112500,50.0,5,1957,1957,0.0,308,928,928,0,928,1,5,0,1957.0,1,288,0,0
79900,60.0,6,1920,1998,0.0,0,901,1088,110,1198,1,7,0,,0,0,0,98
187000,80.0,6,1964,1993,340.0,536,822,1020,831,1851,2,7,1,1964.0,2,440,239,42
201000,73.0,8,2007,2007,0.0,16,1466,1466,0,1466,2,7,0,2007.0,3,610,100,18
220000,,6,1932,1950,480.0,297,854,1096,895,1991,1,7,1,1977.0,2,432,0,0
150000,69.0,5,1958,1991,85.0,567,1008,1053,0,1053,1,6,0,1998.0,2,750,0,80
135000,70.0,5,1960,2002,45.0,588,1010,1134,0,1134,1,6,0,1960.0,1,254,0,16
215000,71.0,6,2001,2002,0.0,690,804,804,1157,1961,2,7,1,2001.0,2,560,125,192
225000,,7,1999,1999,344.0,694,978,1005,978,1983,2,9,1,1999.0,2,490,0,0
135500,75.0,5,1967,1967,0.0,400,980,980,0,980,2,6,0,1967.0,1,384,68,0
385000,68.0,9,1981,1987,0.0,1810,1842,1842,0,1842,0,5,1,1981.0,3,894,857,72
153000,74.0,5,1954,1990,650.0,1213,1297,1297,0,1297,1,5,1,1954.0,2,498,0,0
255900,,8,2002,2002,0.0,0,1128,1149,1141,2290,2,9,1,2002.0,2,779,0,0
227875,84.0,7,2007,2007,0.0,0,874,874,887,1761,3,7,0,2007.0,2,578,144,105
281213,88.0,8,2005,2006,245.0,0,1094,1133,1349,2482,2,9,1,2005.0,3,642,144,39
176000,63.0,7,1995,1996,38.0,0,1237,1253,0,1253,2,6,1,1995.0,2,402,220,21
157500,60.0,5,1904,2002,0.0,0,650,958,581,1539,2,8,1,1983.0,2,686,70,78
394432,88.0,9,2010,2010,350.0,1445,1856,1856,0,1856,1,8,1,2010.0,3,834,113,0
158000,,6,1964,1964,115.0,564,1127,1445,0,1445,1,7,1,1964.0,2,645,180,0
181000,78.0,6,1974,1999,99.0,663,1040,1309,0,1309,1,5,1,1974.0,2,484,265,0
184000,60.0,7,1925,1950,0.0,329,1026,1133,687,1820,2,8,0,1925.0,1,240,0,100
197000,37.0,8,2005,2005,0.0,1039,1247,1247,0,1247,1,4,1,2005.0,2,550,0,84
302000,,7,1971,2002,351.0,1219,1643,1824,0,1824,2,5,2,1971.0,2,739,380,48
402000,52.0,8,1994,2005,528.0,1361,1629,1686,762,2448,2,8,1,1994.0,3,711,517,76
136500,37.0,6,2003,2003,170.0,686,848,848,0,848,1,3,0,2003.0,2,420,140,0
156000,,6,1978,1978,0.0,773,888,912,0,912,1,5,1,1978.0,2,470,0,0
84900,60.0,4,1946,2006,0.0,0,0,930,0,930,1,6,0,1946.0,1,308,0,0
161000,,8,1925,1996,0.0,0,588,833,833,1666,1,7,1,1925.0,1,228,192,63
240000,,6,1992,1992,0.0,985,1580,1079,874,1953,2,9,2,1992.0,2,501,216,231
108959,60.0,4,1969,1969,0.0,1198,1198,1258,0,1258,0,6,0,1969.0,2,400,120,0
173000,65.0,6,2004,2004,0.0,0,798,798,842,1640,2,6,0,2004.0,2,520,138,45
307000,75.0,8,2004,2005,186.0,1369,1686,1694,0,1694,2,7,1,2004.0,2,636,255,57
113000,50.0,4,1941,1950,0.0,344,672,672,0,672,1,4,0,1941.0,1,234,0,113
121600,51.0,4,1946,1950,0.0,384,747,774,456,1230,1,5,0,1946.0,1,305,0,57
415298,107.0,9,2006,2007,315.0,0,2121,2121,0,2121,2,8,1,2007.0,3,732,124,98
372500,80.0,8,2008,2008,464.0,0,2046,2046,0,2046,2,7,1,2008.0,3,834,322,82
225000,,7,2003,2003,0.0,0,847,847,886,1733,2,7,1,2003.0,2,433,100,48
120500,60.0,4,1971,1971,0.0,616,864,864,0,864,1,5,0,1974.0,2,528,0,0
